path	tmpl	target	note	other
2.4	נוסח	אֲ֝דֹנָ֗י	"=ל; הדף בכתר פגום משני צידיו בפינה שבה נכתבה \"אֲ֝דנָ֗י\", וראו עוד להלן ז,יח."	
2.7	נוסח	['בְּנִ֥י', {'tmpl_name': 'מ:מקף אפור'}, 'אַ֑תָּה']	"ראו ברויאר, טעמי המקרא, יא.47 הערה 27."	
3.1	נוסח	{'tmpl_name': 'ר1'}	"פרשה סתומה"	
5.1	נוסח	{'tmpl_name': 'ר1'}	"פרשה סתומה"	
5.2	נוסח	יְהֹוָ֗ה	["=ל,ש1,ק3 ומ\"ש (טעם רביע באות וי\"ו), וכך הכריעו ברויאר ומג\"ה, וכמו כן בדפוסים", {"tmpl_name": "ש"}, "א!=יְהוָ֑֗ה (טעם רביע וטעם אתנח ביחד באות בוי\"ו)", {"tmpl_name": "ש"}, "האתנח קצת מטושטש אבל עדיין ברור (למרות שברויאר ציין אותו רק ספק במהדורתו הראשונה)"]	
5.5	נוסח	['לֹ֤א', {'tmpl_name': 'מ:מקף אפור'}, 'אֵֽל־חָפֵ֘ץ', {'tmpl_name': 'מ:מקף אפור'}, 'רֶ֥שַׁע']	"על מהפך כטעם משני בתיבת \"לֹ֤א\" ראו ברויאר, טעמי המקרא, יא.54 (עמ' 292)."	
5.6	נוסח	{'tmpl_name': 'מ:דחי', 'tmpl_params': {'1': 'ה֭וֹלְﬞלִים', '2': 'ה֭וֹלְﬞלִ֭ים'}}	"א=ה֭וֹלֲלִים (חטף)"	
5.9	נוסח	שׁוֹרְﬞרָ֑י	"א=שׁוֹרֲרָ֑י (חטף)"	
6.1	נוסח	{'tmpl_name': 'ר1'}	"פרשה סתומה"	
6.3	נוסח	אֻמְלַ֫ל	["=ל,ש1,ק13,ק-מ ומסורת טברנית ומ\"ש (פתח באות למ\"ד) וכמו כן בדפוסים, וכך הכריעו דותן וברויאר; ייתכן שבכתי\"ל יש סימן מחיקה לנקודת קמץ מתחת לקו, ולכן ציין ברויאר ספק ברשימתו.", {"tmpl_name": "ש"}, "א=אֻמְלָ֫ל (נקודת קמץ באות למ\"ד); כל האזור מטושטש מאוד, אבל רואים את נקודת הקמץ בבירור (וכך הכריעו במג\"ה)."]	
6.8	נוסח	עָשְׁﬞשָׁ֣ה	"א=עָשֲׁשָׁ֣ה (חטף)"	
6.8	נוסח	בְּכׇל־צוֹרְﬞרָֽי	"א=בְּכׇל־צוֹרֲרָֽי (חטף)"	
7.1	נוסח	{'tmpl_name': 'ר1'}	"פרשה סתומה"	
7.1	נוסח	עַל־דִּבְרֵי־כ֝֗וּשׁ	"א!=עַל־דִּבְרֵי־כ֝֗וּשׁ א!,ל (גרש ונקודת הרביע ביחד באותה אות, בניגוד לשיטת-א אבל בהתאם לשיטת-ל)"	
7.5	נוסח	צוֹרְﬞרִ֣י	"א=צוֹרֲרִ֣י (חטף)"	
7.6	נוסח	['יִ֥רַדֹּֽף־אוֹיֵ֨ב', {'tmpl_name': 'מ:לגרמיה-2'}, ' נַפְשִׁ֡י']	["=א (מקף בתיבת משרת)", {"tmpl_name": "ש"}, "ל=יִ֥רַדֹּֽף אוֹיֵ֨ב", {"tmpl_name": "מ:לגרמיה-2"}, " נַפְשִׁ֡י"]	
7.7	נוסח	צוֹרְﬞרָ֑י	"א=צוֹרֲרָ֑י (חטף)"	
7.8	נוסח	תְּסֽוֹבְﬞבֶ֑ךָּ	"א=תְּסֽוֹבֲבֶ֑ךָּ (חטף)"	
7.18	נוסח	עֶלְיֽוֹן	"=ל; הדף בכתר פגום משני צידיו בפינה שבה נכתבה \"עֶלְיֽוֹן\", וראו עוד לעיל ב,ד."	
8.1	נוסח	{'tmpl_name': 'ר1'}	"פרשה סתומה"	
8.3	נוסח	['עוֹלְﬞלִ֨ים', {'tmpl_name': 'מ:לגרמיה-2'}]	["א=<עוֹלֲלִ֨ים", {"tmpl_name": "מ:לגרמיה-2"}, "> (חטף)"]	
8.3	נוסח	צוֹרְﬞרֶ֑יךָ	"א=צוֹרֲרֶ֑יךָ (חטף)"	
8.7	נוסח	כֹּ֝֗ל	"א=כֹּ֝ל (השמטת נקודת הרביע)"	
9.1	נוסח	{'tmpl_name': 'ר1'}	"פרשה סתומה"	
9.14	נוסח	חָֽנְﬞנֵ֬נִי	"א=חָֽנֲנֵ֬נִי (חטף); בכתר יש לא רק געיה בחי\"ת אלא גם חטף בנו\"ן הראשונה, כך שהשווא במהדורתנו נע בוודאי. ואילו במהדורת סימנים סימנו קמץ קטן תחת החי\"ת, השמיטו את הגעיה בכתר (!) וסימנו שווא נח (!)."	
9.14	נוסח	מְ֝רוֹמְﬞמִ֗י	"א=מְ֝רוֹמֲמִ֗י (חטף)"	
9.19	נוסח	{'tmpl_name': 'כו״ק', 'tmpl_params': {'1': 'ענוים', '2': 'עֲ֝נִיִּ֗ים'}}	"א-כתיב=עֲ֝נִויִּ֗ם"	
10.5	נוסח	כׇּל־צ֝וֹרְﬞרָ֗יו	"א=כׇּל־צ֝וֹרֲרָ֗יו (חטף)"	
11.1	נוסח	לְדָ֫וִ֥ד	["=ל", {"tmpl_name": "ש"}, "א!=לְדָ֥֫וִד (טעם ה\"יורד\" נכתב לפני החיריק מתחת לאות דל\"ת ביחד עם ה\"עולה\")"]	
11.1	נוסח	{'tmpl_name': 'ר3'}	"פרשה פתוחה"	
11.1	נוסח	{'tmpl_name': 'כו״ק', 'tmpl_params': {'1': 'נודו', '2': 'נ֝֗וּדִי'}}	"א-קרי=נ֝וּדִי (השמטת נקודת הרביע)"	
11.2	נוסח	כּוֹנְﬞנ֣וּ	"א=כּוֹנֲנ֣וּ (חטף)"	
11.2	נוסח	בְּמוֹ־אֹ֝֗פֶל	"א=בְּמוֹ־אֹ֝פֶל (השמטת נקודת הרביע)"	
12.1	נוסח	{'tmpl_name': 'ר1'}	"פרשה סתומה"	
12.6	נוסח	יָפִ֥יחַֽ־לֽוֹ	["=א (מקף בתיבת משרת)", {"tmpl_name": "ש"}, "ל=יָפִ֥יחַֽ לֽוֹ (בלי מקף) וכך אצל ברויאר"]	
12.7	נוסח	אִ֥מְﬞר֣וֹת	"א=אִ֥מֲר֣וֹת (חטף)"	
13.2	נוסח	{'tmpl_name': 'ר4'}	"פרשה פתוחה"	
14.1	נוסח	{'tmpl_name': 'ר3'}	"פרשה פתוחה"	
14.1	נוסח	הִֽשְׁﬞחִ֗יתוּ	["א=הִֽשְִׁחִ֗יתוּ (חטף חיריק)", {"tmpl_name": "ש"}, "לגבי פיסוק הטעמים (רביע בתוך תחום שלטונו של רביע, שניהם בשמאלו של אתנחתא), ראו בהערת הנוסח על הפסוק המקביל (תהלים נג,ב)."]	
14.1	נוסח	הִֽתְﬞעִ֥יבוּ	"א=הִֽתְִעִ֥יבוּ (חטף חיריק)"	
15.1	נוסח	מִזְמ֗וֹר לְדָ֫וִ֥ד	"מכאן ואילך חסר בכתר ארם צובה, עד סוף הכותרת למזמור כ\"ה (\"אֶשָּֽׂא\") ועד בכלל"	
15.1	נוסח	{'tmpl_name': 'ר1'}	["א(ק)=פרשה סתומה", {"tmpl_name": "ש"}, "ל=פרשה פתוחה"]	
15.1	נוסח	{'tmpl_name': 'מ:דחי', 'tmpl_params': {'1': 'יְ֭הֹוָה', '2': 'יְ֭הֹוָ֭ה'}}	["=גסטר1,ק-מ ובדפוסים", {"tmpl_name": "ש"}, "ל!=י֭הֹוָה (חסר שווא באות יו\"ד), ונכתבה נקודת חולם בשם הוי\"ה.", {"tmpl_name": "ש"}, "הערת דותן"]	
15.2	נוסח	בִּלְבָבֽוֹ	["=ש1,גסטר1,ק-מ", {"tmpl_name": "ש"}, "ל!=בִּלְבָֽבוֹ (מקום הסילוק) והשוו \"קְרֹבֽוֹ\" בפסוק הבא", {"tmpl_name": "ש"}, "הערות ברויאר ודותן"]	
15.3	נוסח	עַל־קְרֹבֽוֹ	["=ש1,ק13,גסטר1,ק-מ", {"tmpl_name": "ש"}, "ל!=עַל־קְרֹֽבוֹ (מקום הסילוק)", {"tmpl_name": "ש"}, "הערות ברויאר ודותן, וראו גם \"בִּלְבָבֽוֹ\" בפסוק הקודם."]	
16.1	נוסח	{'tmpl_name': 'ר3'}	"א(ק)ל=פרשה פתוחה"	
16.1	נוסח	אֵ֝֗ל	["=ל,ק13 ובדפוסים", {"tmpl_name": "ש"}, "ש1,גסטר1,שיטת-א=אֵ֝ל (השמטת נקודת הרביע)"]	
17.1	נוסח	{'tmpl_name': 'ר3'}	["=א(ק), פרשה פתוחה.", {"tmpl_name": "ש"}, "ל,ש1,ק13=פרשה סתומה", {"tmpl_name": "ש"}, "גסטר1=אין פרשה"]	
17.6	נוסח	לִ֝֗י	["=ל ובדפוסים", {"tmpl_name": "ש"}, "ש1,ק13,גסטר1,שיטת-א=לִ֝י (השמטת נקודת הרביע)"]	
17.10	נוסח	פִּ֝֗ימוֹ	["=ל,ק13 ובדפוסים", {"tmpl_name": "ש"}, "ש1,גסטר1,שיטת-א=פִּ֝ימוֹ (השמטת נקודת הרביע)"]	
17.12	נוסח	לִטְרֹ֑ף	["=ש1,ק13,גסטר1,ק-מ (כתיב חסר וי\"ו)", {"tmpl_name": "ש"}, "ל=לִטְר֑וֹף (כתיב מלא וי\"ו)", {"tmpl_name": "ש"}, "הערת ברויאר"]	
17.14	נוסח	['מִ֥מְﬞתִֽים־יָדְךָ֨', {'tmpl_name': 'מ:לגרמיה-2'}]	["=ש1,ק13,ל-א,גסטר1 (לגבי מרכא כטעם משני וגעיה בהברה המוטעמת ומקף); בכתבי־היד האלה (ש1,ק13,ל-א,גסטר1) ולפי דרכו של הכתר יש גם חטף להורות על התנעת השווא לאחר מרכא כטעם משני: <מִ֥מֲתִֽים־יָדְךָ֨", {"tmpl_name": "מ:לגרמיה-2"}, ">.", {"tmpl_name": "ש"}, "לגבי המרכא והגעיה ראו ברויאר, טעמי המקרא, יא.3 (עמ' 264-265): \"הטעמה מיוחדת נוהגת לפני לגרמיה המשמש בתחום שלטון פזר: מרכא משני יבוא בראש התיבה שלפני הלגרמיה – בתנאי שיש חציצה בין המרכא לבין התנועה הראויה להיות מוטעמת. המרכא המשני בא בלא טעם עיקרי, וגעיה באה במקום הטעם\" (והשוו לדוגמה להלן יט, טו). וכך הטעמים אצל ברויאר ומג\"ה, אך הם משמיטים את המקף.", {"tmpl_name": "ש"}, "ל=<מִֽמְתִ֥ים־יָדְךָ֨", {"tmpl_name": "מ:לגרמיה-2"}, "> (געיה ומרכא ומקף, ואין חטף) לפי המקליד (וכן הוא בקורן בהשמטת המקף), או <מִֽמְתִֽים־יָדְךָ֨", {"tmpl_name": "מ:לגרמיה-2"}, "> (שתיהן געיות) לפי דותן (וכך נראה יותר בכתי\"ל).", {"tmpl_name": "ש"}, "ברויאר, מקראות גדולות הכתר, סימנים, מכון ממרא"]	
17.14	נוסח	מִֽמְﬞתִ֬ים	["=ל,ש1,גסטר1.", {"tmpl_name": "ש"}, "ק13,פטרבורג-EVR-II-B-55 ושיטת-א=מִֽמֲתִ֬ים (חטף) וכך במג\"ה."]	
17.14	נוסח	יִשְׂבְּע֥וּ	["=ש1,ק13,גסטר1 ובדפוסים", {"tmpl_name": "ש"}, "ל!=יִשְׂבּ֥עוּ (חסר שווא באות בי\"ת) אבל המקליד תיקן בלי להעיר", {"tmpl_name": "ש"}, "הערות דותן וברויאר"]	
17.14	נוסח	לְעוֹלְלֵיהֶֽם	["=ש1?,ק-מ (מקום הסילוק)", {"tmpl_name": "ש"}, "גסטר1=לְעֽוֹלְלֵיהֶֽם (געיה וסילוק)", {"tmpl_name": "ש"}, "ל!=לְעוֹלְלֵֽיהֶם (מקום הסילוק) אבל המקליד ציין סילוק ימני באות ה\"א דווקא (!)", {"tmpl_name": "ש"}, "הערות ברויאר ודותן"]	
17.15	נוסח	בְ֝הָקִ֗יץ	["=ל,ש1,ק13,גסטר1", {"tmpl_name": "ש"}, "ברויאר ציין פת\"ח באות ה\"א במקום קמ\"ץ, אבל לא נראה כן בבדיקה בכתי\"ל."]	
18.1	נוסח	{'tmpl_name': 'ר3'}	["=א(ק), פרשה פתוחה", {"tmpl_name": "ש"}, "ל,ש1,גסטר1=פרשה סתומה; בכתי\"ק13 יש פרשה סתומה לפני \"לְדָ֫וִ֥ד\"."]	
18.2	נוסח	אֶרְחׇמְךָ֖	"מדובר על אחד מפעלי אֶפְעַל שהרי ע' הפועל אות גרונית, ואם כן הקמץ אמור להיות קמץ רחב (ראו ויינברג, 3.2.3.2 בפסקת \"NOTE\" שבה יש רשימה של פעלים מהסוג הזה והתיבה הזאת ביניהם). אך המדקדקים הספרדים (ראו רד\"ק, מאירי) מציינים מסורת שהקמץ חטוף, וגם במ\"ש הביא מסורת זו למרות הסתייגות ע\"פ כללי הדקדוק (\"קבלנו קריאתו בקמץ חטוף אשר לא כדת בהיות העי\"ן גרונית\"). גם המילון של דוידזון מציין כאן קמץ קטן; והשוו תהלים פא,ח. בכתבי־היד (ל,ש1,ק13,גסטר1) אין געיה בתיבה זו והספק נשאר."	
18.3	נוסח	סַ֥לְעִ֥י	["=ל?,ש1?,ק13,גסטר1 ושיטת-א (מרכא משני באות סמ\"ך); ראו ברויאר, טעמי המקרא, עמ' 274. וכך אצל ברויאר ומג\"ה.", {"tmpl_name": "ש"}, "ל?,ש1?=סַֽלְעִ֥י (געיה ומרכא?)"]	
18.7	נוסח	אֶ֥קְﬞרָ֣א	["ל,ל-א,גסטר1,שיטת-א=אֶ֥קֲרָ֣א (מרכא כטעם משני ואחריה חטף), וראו ברויאר, טעמי המקרא, עמ' 277.", {"tmpl_name": "ש"}, "ש1,ק13=אֶ֥קְרָ֣א (אין חטף) וכך אצל ברויאר ומג\"ה", {"tmpl_name": "ש"}, "הקלדה=אֶֽקֲרָ֣א (געיה וחטף)"]	
18.10	נוסח	רַגְלָֽיו	["ל=רַגְלָֽיו בסילוק ימני (!); בשאר כתבי־היד (ש1,ק13,גסטר1) נכתב הסילוק כרגיל.", {"tmpl_name": "ש"}, "הערת דותן וכן בהקלדה"]	
18.12	נוסח	חֶשְׁכַת־מַ֝֗יִם	["=ל ובדפוסים", {"tmpl_name": "ש"}, "ש1,ק13,גסטר1,שיטת-א=חֶשְׁכַת־מַ֝יִם (השמטת נקודת הרביע)"]	
18.15	נוסח	רָ֝֗ב	["=דפוסים", {"tmpl_name": "ש"}, "ל!=רָ֝ב כמו ש1,ק13,גסטר1,שיטת-א (השמטת נקודת הרביע)"]	
18.20	נוסח	כִּ֘י	["=ש1?,ק13,גסטר1,ק-מ ובדפוסים (כ\"ף דגושה)", {"tmpl_name": "ש"}, "ל?=כִ֘י (חסר דגש באות כ\"ף?) לפי ברויאר ודותן, אבל בהגדלה ייתכן שניתן להבחין בדגש מטושטש (וכן הוא בהקלדה)."]	
18.31	נוסח	ה֝֗וּא	["=ל ובדפוסים", {"tmpl_name": "ש"}, "ק13,גסטר1,שיטת-א=ה֝וּא (השמטת נקודת הרביע)"]	
18.32	נוסח	צ֝֗וּר	["=ל ובדפוסים", {"tmpl_name": "ש"}, "ש1,ק13,גסטר1,שיטת-א=צ֝וּר (השמטת נקודת הרביע)"]	
18.38	נוסח	וְלֹֽא־אָ֝שׁ֗וּב	["=ש1,גסטר1 ובדפוסים (נקודת רביע באות שי\"ן)", {"tmpl_name": "ש"}, "ל!,ק13!=וְלֹֽא־אָ֝שׁוּב (חסרה נקודת רביע באות שי\"ן)", {"tmpl_name": "ש"}, "הערת המקליד"]	
18.46	נוסח	מִֽמִּסְגְּרוֹתֵיהֶֽם	["=ב\"א,ת,ל-א,פטרבורג-EVR-II-B-34 (געיה כבדה באות מ\"ם הראשונה), וכמו כן בכל התיג'אן ובתנ\"ך ליסבון. בכתי\"ת נכתבה הערה על־יד הפסוק: <לבן נפתלי מִמִסְגְּרוֹ'>. אמנם החילוף בין בן־אשר לבן־נפתלי נוגע בגעיה הכבדה באות הראשונה, ואינו נוגע באפשרות של געיה קלה באות רי\"ש, או באפשרות לטרחא באות רי\"ש כטעם משני (ראו בהמשך לגבי מג\"ה).", {"tmpl_name": "ש"}, "ג(לאחר תיקון)=מִמִּסְגְּרֽוֹתֵיהֶֽם (געיה קלה באות רי\"ש); געיה נמחקה באות מ\"ם הראשונה, וכנראה שכתב־היד תוקן משיטת בן־אשר לשיטת בן־נפתלי.", {"tmpl_name": "ש"}, "ל,ק13=מִֽמִּסְגְּרֽוֹתֵיהֶֽם (געיה כבדה באות מ\"ם הראשונה, וגעיה קלה באות רי\"ש), וכך אצל דותן וברויאר, וכמו כן בכמה כתבי־יד ספרדים (פריז 25, קניקוט 1, כתר דמשק) וברוב הדפוסים וקורן. וראו ", {"tmpl_name": "מ:קישור בהערה", "tmpl_params": {"1": "https://archive.org/details/ginsburg-tanakh-1926-images/page/n1266/mode/1up", "2": "הערת גינצבורג"}}, ", שבחלק מהספרים נכתבה הגעיה הראשונה (כך אצלו בפנים), בחלקם השניה, בחלקם שתי הגעיות, וחלקם בלי געיה.", {"tmpl_name": "ש"}, "מג\"ה=מִֽמִּסְגְּר֖וֹתֵיהֶֽם (געיה כבדה באות מ\"ם הראשונה, וטרחא כטעם משני באות רי\"ש); לפי קריאה זו הקו מתחת לאות רי\"ש בחלק מכתבי־היד אינו געיה אלא טרחא. והשוו ברואיר, טעמי המקרא, ט.35-36 (עמ' 235-236), וגם יא.80 (עמ' 308-309)."]	
19.2	נוסח	{'tmpl_name': 'ר4'}	"פרשה פתוחה"	
19.7	נוסח	מֵחַמָּתֽוֹ	["=ש1", {"tmpl_name": "ש"}, "ל!=מֵֽחַמָּתוֹ (מקום הסילוק, או געיה וחסר סילוק לאחריה)", {"tmpl_name": "ש"}, "הערות ברויאר ודותן והמקליד"]	
19.15	נוסח	['יִ֥הְיֽוּ־לְרָצ֨וֹן', {'tmpl_name': 'מ:לגרמיה-2'}]	["=ש1 לגבי הטעמים, אך אין בו מקף; וכך קרא ברויאר את התיבה בכתי\"ל ולפי כללי משרת של לגרמיה בתחום שלטון פזר (טעמי המקרא עמ' 265; והשוו לעיל יז, יד), וכך גם במג\"ה ובמכון ממרא לגבי הטעמים.", {"tmpl_name": "ש"}, "ל=<יִֽהְי֥וּ־לְרָצ֨וֹן", {"tmpl_name": "מ:לגרמיה-2"}, "> (געיה ומרכא בתיבה המוקפת) וכן דעתו של המקליד ע\"פ BHS; אמנם לפי דותן ל=<יִֽהְיֽוּ־לְרָצ֨וֹן", {"tmpl_name": "מ:לגרמיה-2"}, "> (שתי געיות בתיבה המוקפת) ואילו לפי ברויאר כאמור לעיל ל=<יִ֥הְיֽוּ־לְרָצ֨וֹן", {"tmpl_name": "מ:לגרמיה-2"}, ">.", {"tmpl_name": "ש"}, "קורן=יִהְי֥וּ (מרכא מלרע) בדומה למ\"ש=יִֽהְי֥וּ; בסימנים כתבו ע\"פ ברויאר במהדורה הראשונה, ושינו ל-יִ֣הְיֽוּ (?!) במהדורת התנ\"ך השלם."]	
20.2	נוסח	{'tmpl_name': 'ר4'}	"פרשה פתוחה"	
20.9	נוסח	קַּ֝֗מְנוּ	["=ל ובדפוסים", {"tmpl_name": "ש"}, "שיטת-א=קַּ֝מְנוּ (השמטת נקודת הרביע)"]	
21.2	נוסח	{'tmpl_name': 'ר4'}	["פרשה פתוחה", {"tmpl_name": "ש"}, "ל=פרשה סתומה"]	
21.2	נוסח	{'tmpl_name': 'קו״כ', 'tmpl_params': {'1': 'יגיל', '2': 'יָּ֥גֶל'}}	"ל=יתיר י' (ובהקלדה גירסה 4.16 הוסיפו קרי)"	
21.6	נוסח	וְ֝הָדָ֗ר	["=ש1,ק-מ", {"tmpl_name": "ש"}, "ל!=וְ֝הָדָר (חסרה נקודת הרביע באות דל\"ת)"]	
21.9	נוסח	יְ֝מִֽינְךָ֗	["=ש1,ק-מ", {"tmpl_name": "ש"}, "ל!=יְ֝מִֽינְךָ (חסרה נקודת הרביע באות כ\"ף סופית)"]	
21.14	נוסח	וּֽ֝נְזַמְּרָ֗ה	["=ש1 ושיטת-א ובדפוסים", {"tmpl_name": "ש"}, "ל!=וּֽ֝נְזַמְּרָה (חסרה נקודת הרביע באות רי\"ש)", {"tmpl_name": "ש"}, "הערת המקליד", {"tmpl_name": "ש"}, "ברויאר, סימנים, מכון ממרא"]	
22.1	נוסח	{'tmpl_name': 'ר1'}	"פרשה סתומה"	
22.3	נוסח	דֻֽמִיָּ֥ה	["=ש1 ומסורת-א וטברנית ומ\"ש (כתיב חסר וי\"ו)", {"tmpl_name": "ש"}, "ל=דֽוּמִיָּ֥ה (כתיב מלא וי\"ו)"]	
22.21	נוסח	מִיַּד־כֶּ֝֗לֶב	["=ל ובדפוסים", {"tmpl_name": "ש"}, "שיטת-א=מִיַּד־כֶּ֝לֶב (השמטת נקודת הרביע)"]	
22.26	נוסח	תְּֽהִלָּ֫תִ֥י	["=ל,ש1,ק-מ (תי\"ו דגושה באופן ברור בכתי\"ל אחרי טעם מפסיק, אמנם הנקודה קצת צמודה לרגל השמאלי של התי\"ו)", {"tmpl_name": "ש"}, "הקלדה=תְֽהִלָּ֫תִ֥י (חסר דגש בטעות בעקבות BHS) וכן בדותן", {"tmpl_name": "ש"}, "קורן, ברויאר, מג\"ה (במרשתת אך לא בדפוס), סימנים"]	
22.30	נוסח	['וַיִּֽשְׁתַּחֲו֨וּ', {'tmpl_name': 'מ:לגרמיה-2'}]	["=ש1,ק-מ ובדפוסים", {"tmpl_name": "ש"}, "ל=<וַיִּֽשְׁתַּחֲוּ֨וּ", {"tmpl_name": "מ:לגרמיה-2"}, "> (נקודה בוי\"ו עיצורית)", {"tmpl_name": "ש"}, "הערות דותן וברויאר והמקליד"]	
23.1	נוסח	{'tmpl_name': 'ר1'}	"פרשה סתומה"	
23.3	נוסח	בְמַעְגְּלֵי־צֶ֝֗דֶק	["=ל ובדפוסים", {"tmpl_name": "ש"}, "שיטת-א=בְמַעְגְּלֵי־צֶ֝דֶק (השמטת נקודת הרביע)"]	
23.5	נוסח	דִּשַּׁ֥נְתָּ	["=ש1,ק-מ (בטעם מרכא) ובדפוסים (וכן ברויאר ומג\"ה)", {"tmpl_name": "ש"}, "ל=דִּשַּׁ֖נְתָּ (בטעם טפחא) וכן הוא בקורן", {"tmpl_name": "ש"}, "סימנים, מכון ממרא"]	
24.1	נוסח	{'tmpl_name': 'ר3'}	["פרשה פתוחה", {"tmpl_name": "ש"}, "ל=פרשה פתוחה לפני התיבה \"מִ֫זְמ֥וֹר\" במקום לאחריה", {"tmpl_name": "ש"}, "הערת דותן"]	
24.3	נוסח	וּמִי־יָ֝ק֗וּם	["=ב1 ובדפוסים", {"tmpl_name": "ש"}, "ל!=וּמִי־יָ֝קוּם (חסרה נקודת הרביע באות קו\"ף)"]	
24.4	נוסח	לַשָּׁ֣וְא	["=ל וקורן באות וי\"ו רגילה", {"tmpl_name": "ש"}, "יש ספרים=", {"tmpl_name": "מ:אות-מיוחדת-במילה", "tmpl_params": {"1": ["לַשָּׁ֣", {"tmpl_name": "מ:אות-ק", "tmpl_params": {"1": "וְ"}}, "א"], "2": "לַשָּׁ֣וְא", "3": "..ו.", "4": "ק", "5": "ו/ק"}}, " באות וי\"ו קטנה"]	
24.4	נוסח	נַפְשִׁ֑י	["=ל,ק-מ ומסורה (אין כתיב בוי\"ו) וכן דותן וברויאר ומג\"ה ומ\"מ וסימנים", {"tmpl_name": "ש"}, "ד-כתיב=נַפְשִׁ֑ו וכך בדפוסים וקורן; וייתכן שמדובר על וי\"ו זעירא או קטיעא, וראו באריכות במ\"ש על אתר."]	
24.6	נוסח	דֹּרְשָׁ֑ו	"ל-קרי=דרשיו"	
24.9	נוסח	וְ֝יָבֹ֗א	["=ק-מ,ב1 ובדפוסים", {"tmpl_name": "ש"}, "ל!=וְ֝יָבֹא (חסרה נקודת הרביע באות בי\"ת)"]	
25.1	נוסח	{'tmpl_name': 'ר1'}	["פרשה סתומה", {"tmpl_name": "ש"}, "ל=פרשה פתוחה"]	
25.2	נוסח	אֱֽלֹהַ֗י	"כתר ארם צובה קיים מכאן ואילך"	
25.2	נוסח	אַל־יַעַלְצ֖וּ	["=א (אין געיה)", {"tmpl_name": "ש"}, "ל=אַל־יַֽעַלְצ֖וּ (געיה)"]	
25.2	נוסח	אוֹיְבַ֣י	["א,ש1 ומסורת-א,ל ובדפוסים (כתיב מלא וי\"ו)", {"tmpl_name": "ש"}, "ל!=אֹיְבַ֣י (כתיב חסר וי\"ו)"]	
25.3	נוסח	{'tmpl_name': 'מ:דחי', 'tmpl_params': {'1': 'כׇּל־קֹ֭וֶיךָ', '2': 'כׇּל־קֹ֭וֶ֭יךָ'}}	["=א,ש1 ובדפוסים", {"tmpl_name": "ש"}, "ל!=כָּל־קֹ֭ויֶךָ (הסגול כנראה באות יו\"ד)", {"tmpl_name": "ש"}, "הערות ברויאר ודותן והמקליד"]	
25.9	נוסח	וִילַמֵּ֖ד	["=א (אין געיה)", {"tmpl_name": "ש"}, "ל=וִֽילַמֵּ֖ד (געיה)"]	
25.17	נוסח	מִ֝מְּצוּקוֹתַ֗י	["=א (אין געיה)", {"tmpl_name": "ש"}, "ל=מִ֝מְּצֽוּקוֹתַ֗י (געיה)"]	
25.19	נוסח	אֹיְבַ֥י	["=א,ש1 ומסורת-א,ל ובדפוסים (כתיב חסר וי\"ו)", {"tmpl_name": "ש"}, "ל!=אוֹיְבַ֥י (כתיב מלא וי\"ו)"]	
25.21	נוסח	כִּ֝֗י	"=א!,ל (גרש ונקודת הרביע ביחד באותה אות, בניגוד לשיטת-א אבל בהתאם לשיטת-ל"	
25.22	נוסח	צָרוֹתָֽיו	["=א,ש1 (אין געיה)", {"tmpl_name": "ש"}, "ל!=צָֽרוֹתָיו (געיה וחסר סילוק)", {"tmpl_name": "ש"}, "הערות ברויאר ודותן והמקליד"]	
26.1	נוסח	['לְדָוִ֨ד', {'tmpl_name': 'מ:לגרמיה-2'}]	"אין פרשה לאחר הכותרת"	
26.6	נוסח	וַאֲסֹבְﬞבָ֖ה	"א=וַאֲסֹבֲבָ֖ה (חטף)"	
26.11	נוסח	{'tmpl_name': 'מ:דחי', 'tmpl_params': {'1': 'וַ֭אֲנִי', '2': 'וַ֭אֲנִ֭י'}}	"=מכאן והלאה, עד סוף המזמור, שני הפסוקים האחרונים (יא-יב) נכתבו מחדש במלואם על־ידי אהרן בן־אשר בעצמו."	
26.12	נוסח	יְהֹוָֽה	"=א (בכתב־היד נכתבה נקודת חולם בשם הוי\"ה)"	
27.1	נוסח	{'tmpl_name': 'ר1'}	"פרשה סתומה"	
27.5	נוסח	יְרוֹמְﬞמֵֽנִי	["=ש1,ק-מ", {"tmpl_name": "ש"}, "א!=יְרוֹמֲמֵֽנִּי (דגש מיותר באות נו\"ן [וגם חטף כמנהגו]) וכן הכריעו במג\"ה", {"tmpl_name": "ש"}, "הערת ייבין לגבי הדגש"]	
27.11	נוסח	שֽׁוֹרְﬞרָֽי	"א=שֽׁוֹרֲרָֽי (חטף)"	
27.12	נוסח	עֵדֵי־שֶׁ֝֗קֶר	"=א (נקודת הרביע מסומנת בכתב־היד)"	
27.13	נוסח	לׅׄוּׅׄלֵׅ֗ׄאׅׄ	["=א ומסורת-א <נקוד מלמע' ולמטה> ודעה ראשונה במנחת שי (\"כן הוא בספרים מדוייקים וכן מצאתי במסורה כתב־יד: דין נקוד למעלה ולמטה ושארא כי אם לעיל\")", {"tmpl_name": "ש"}, "לש1=לׅׄוּלֵׅ֗ׄאׅׄ (שתי נקודות למעלה ולמטה בשלוש אותיות לל\"א) בהתאם למ\"ק-א <נקוד' מלעיל ומלרע ב'[ר] מ'[ן] אות ו וחד מן ה'י' נקוד'>, וכן בדותן ובהקלדת וסטמינסטר, וכן הוא בדפוסים ובקורן וסימנים", {"tmpl_name": "ש"}, "ק-מ=לׅׄוּׄלֵׅ֗ׄאׅׄ (אין נקודה בוי\"ו למטה) בהתאם לניקודה של התיבה במ\"ס-ל ולמספר בהערה שם <ז' [נקודות]>, ובהתאם למ\"ק-ק-מ <נקוד מלמע' ומלמטה בר מן ו' מלמטה>, ובהתאם לדעה שנייה במ\"ש <ובמסורה אחרת כתב־יד מצאתי כלשון הזה: לולא נקוד מלעיל ומלרע בר מן וא\"ו דלא נקודה אלא מלעיל>"]	
27.14	נוסח	אֶל־יְ֫הֹוָ֥ה	"=א (מקום ה\"עולה\" באות יו\"ד כשיטתו)"	
28.1	נוסח	לְדָוִ֡ד	"אין פרשה לאחר הכותרת"	
29.1	נוסח	{'tmpl_name': 'ר1'}	"פרשה סתומה"	
30.2	נוסח	{'tmpl_name': 'ר4'}	"פרשה פתוחה"	
30.4	נוסח	{'tmpl_name': 'כו״ק', 'tmpl_params': {'1': 'מיורדי', '2': {'tmpl_name': 'מ:קמץ', 'tmpl_params': {'ד': 'מִיׇּֽרְדִי־', 'ס': 'מִיָּֽרְדִי־'}}}}	["א=יתיר ו'. לגבי קמץ קטן בתיבה זו ראו ויינברג 3.2.1.3; במהדורת סימנים הדפיסו קמץ רחב וגעיה, ואילו בתנ\"ך קורן קמץ קטן עם מתג.", {"tmpl_name": "ש"}, "בפירוש דעת מקרא כתב המפרש (הערה 4): \"א. 'מירדי' כתיב מלא וי\"ו. אפשר לומר, שהוי\"ו שבכתיב מורה על הקמץ שהוא קטון. ויש כמה פעמים שבאה וי\"ו בקמץ קטן ובעלי המסורה ציינו זאת כחילוף של כתיב וקרי (כגון לקמן קא ה ועוד). ואפשר שהכתיב מכוון לניקוד מיוֹרְדֵי, כמו לעיל כח א. ב. 'מירדי', היו\"ד בגעיא על פי המסורה ועי' לעיל טז א על תבת 'שמרני'. ואף כאן מסורת הספרדים להגות קמץ גדול, וכן נוהגים למעשה כשאומרים מזמור זה בכל בוקר בתפלת שחרית. ואף על פי שיש מדקדקים שאין דעתם נוחה מכך, מכל מקום יש לקוראים קמץ קמץ גדול על מה שיסמוכו, ומסורת אבותם בידם, ואין לבטל מנהגם. – ואמנם במסורה תימנית (בתהלים עם תרגום ופירוש רס\"ג מהד' הרב קאפח) כתוב, שהקמץ ביו\"ד קטון, אפילו תהיה בו געיא. אולם לפי קריאת התימנים אין הבדל בין קמץ גדול לקטן, ואותה המסורת לא נכתבה אלא להודיע שהשוא ברי\"ש הוא נח ולא נע, שלפי קריאת התימנים יש הבדל גדול מאוד בין שוא נח ובין שוא נע. – ולגופו של עניין כתוב במסורת ההיא שהגעיא אינה ביו\"ד אלא במי\"ם."]	
30.12	נוסח	לִ֥֫י	"א=לִ֥י (השמטת נקודת הרביע)"	
31.2	נוסח	{'tmpl_name': 'ר4'}	"פרשה פתוחה"	
31.10	נוסח	עָשְׁﬞשָׁ֖ה	"א=עָשֲׁשָׁ֖ה (חטף)"	
31.12	נוסח	מִכׇּל־צֹרְﬞרַ֨י	"א=מִכׇּל־צֹרֲרַ֨י (חטף)"	
31.12	נוסח	['וְלִ֥שְׁﬞכֵנַ֨י', {'tmpl_name': 'מ:לגרמיה-2'}]	["א=<וְלִ֥שֲׁכֵנַ֨י", {"tmpl_name": "מ:לגרמיה-2"}, "> (חטף)"]	
31.12	נוסח	נָדְﬞד֥וּ	"א=נָדֲד֥וּ (חטף)"	
31.20	נוסח	['מָ֤ה', {'tmpl_name': 'מ:מקף אפור'}, 'רַֽב־טוּבְךָ֮']	"על מהפך כטעם משני בתיבת \"מָ֤ה\" ראו ברויאר, טעמי המקרא, ט.31 (עמ' 233); יא.27 (עמ' 277-278)."	
31.20	נוסח	נֶ֝֗גֶד	"א=נֶ֝גֶד (השמטת נקודת הרביע)"	
31.22	נוסח	לִ֝֗י	"א=לִ֝י (השמטת נקודת הרביע)"	
31.24	נוסח	אֶ֥הֱב֥וּ	["=א (וכן הכריעו ברויאר ומ\"מ)", {"tmpl_name": "ש"}, "מג\"ה=אֶֽהֱב֥וּ (למרות שהקו נטוי באופן ברור) וכן הוא בדפוסים וקורן"]	
31.24	נוסח	עַל־יֶ֝֗תֶר	"א=עַל־יֶ֝תֶר (השמטת נקודת הרביע)"	
32.1	נוסח	{'tmpl_name': 'ר1'}	"פרשה סתומה"	
32.5	נוסח	וַעֲוֺ֘נִ֤י	["=א,ל (הצינורית נכתבת באות וי\"ו); בכתבי־היד הצינורית מחוברת באופן ברור לאות וי\"ו (מהחיבור היא יוצאת למעלה וימינה כנהוג בכתיבת צינורית במקומות אחרים), וכך אצל דותן וברויאר ומג\"ה, וכמו כן בדפוסים ובסימנים. אמנם בחלק מהמדורות הצינורית נדחפת קצת ימינה בגלל נקודת החולם, והיא יושבת בין האותיות עי\"ן לוי\"ו.", {"tmpl_name": "ש"}, "מכון ממרא!=וַֽעֲ֘וֺנִ֤י (הצינורית הוקלדה באות עי\"ן)."]	
32.7	נוסח	תְּס֖וֹבְﬞבֵ֣נִי	"א=תְּס֖וֹבֲבֵ֣נִי (חטף)"	
32.9	נוסח	בַּ֝֗ל	"א=בַּ֝ל (השמטת נקודת הרביע)"	
32.10	נוסח	לָ֫רָשָׁ֥ע	["א!=לָרָ֫שָׁ֥ע (סימן העולה באות רי\"ש)", {"tmpl_name": "ש"}, "בניגוד לדרכו ה\"עולה\" אינו מסומן בהברה הראויה לגעיה; אולי זה בגלל הראש של הלמ\"ד שמפריע שם לכתיבתו."]	
32.10	נוסח	חֶ֝֗סֶד	"א=חֶ֝סֶד (השמטת נקודת הרביע)"	
32.10	נוסח	יְסוֹבְﬞבֶֽנּוּ	"א=יְסוֹבֲבֶֽנּוּ (חטף)"	
33.6	נוסח	פִּ֝֗יו	"א=פִּ֝יו (השמטת נקודת הרביע)"	
34.1	נוסח	{'tmpl_name': 'ר1'}	"פרשה סתומה"	
34.1	נוסח	וַ֝יְגָרְﬞשֵׁ֗הוּ	"א=וַ֝יְגָרֲשֵׁ֗הוּ (חטף)"	
34.2	נוסח	אֲבָרְﬞכָ֣ה	"א=אֲבָרֲכָ֣ה (חטף)"	
34.4	נוסח	וּנְרוֹמְﬞמָ֖ה	"א=וּנְרוֹמֲמָ֖ה (חטף)"	
35.1	נוסח	{'tmpl_name': 'ר1'}	"פרשה סתומה"	
35.10	נוסח	{'tmpl_name': 'מ:קמץ', 'tmpl_params': {'ד': ['כׇּ֥ל', {'tmpl_name': 'מ:מקף אפור'}], 'ס': 'כָּ֥ל '}}	"ראו במידע על מהדורה זו, פרק שני, על ההכרעה בין קמץ קטן לגדול בתיבה זו. יש עוד \"כל\" כזה במשלי (יט,ז)."	
35.14	נוסח	כַּאֲבֶל־אֵ֝֗ם	"=א!,ל (נקודת הרביע מסומנת בניגוד לשיטתו)"	
35.18	נוסח	אֲהַלְﬞלֶֽךָּ	"א=אֲהַלֲלֶֽךָּ (חטף)"	
36.2	נוסח	{'tmpl_name': 'ר4'}	"פרשה פתוחה"	
36.5	נוסח	רָ֝֗ע	"א=רָ֝ע (השמטת נקודת הרביע)"	
37.1	נוסח	['לְדָוִ֨ד', {'tmpl_name': 'מ:לגרמיה-2'}]	"אין רווח של פרשה אחרי הכותרת"	
37.3	נוסח	שְׁכׇן־אֶ֝֗רֶץ	"א=שְׁכָן־אֶ֝רֶץ (השמטת נקודת הרביע)"	
37.14	נוסח	פָּ֥תְח֣וּ	["=א? (הקו נטוי קצת כמרכא אבל לא באופן מובהק) וכן הכריעו ברויאר ומג\"ה", {"tmpl_name": "ש"}, "ממ=פָּֽתְח֣וּ וכן הוא בכתי\"ל ובדפוסים"]	
37.17	נוסח	וְסוֹמֵ֖ךְ	["א!=וְסוֹמֵ֖ך (חסר שווא בכ\"ף סופית)", {"tmpl_name": "ש"}, "הערת ייבין"]	
37.36	נוסח	{'tmpl_name': 'מ:דחי', 'tmpl_params': {'1': 'וַֽ֭יַּעֲבֹר', '2': 'וַֽ֭יַּעֲבֹ֭ר'}}	["=א,ל", {"tmpl_name": "ש"}, "ממ=וַ֭יַּֽעֲבֹר וכן בדפוסים"]	
38.2	נוסח	{'tmpl_name': 'ר4'}	"פרשה פתוחה"	
38.10	נוסח	אֲֽדֹנָ֗י	"א=געיה ימנית"	
38.11	נוסח	גַּם־הֵ֝֗ם	"א=גַּם־הֵ֝ם (השמטת נקודת הרביע)"	
38.21	נוסח	[{'tmpl_name': 'כו״ק', 'tmpl_params': {'1': 'רדופי', '2': {'tmpl_name': 'מ:קמץ', 'tmpl_params': {'ד': 'רׇֽדְפִי־', 'ס': 'רָֽדְפִי־'}}}}, 'טֽוֹב']	"לגבי קמץ קטן בתיבה זו ראו ויינברג 3.2.1.3; במהדורת סימנים הדפיסו קמץ רחב וגעיה, ואילו בתנ\"ך קורן קמץ קטן עם מתג."	
39.2	נוסח	{'tmpl_name': 'ר4'}	"פרשה פתוחה"	
39.2	נוסח	['אֶשְׁמְרָ֥ה', {'tmpl_name': 'מ:מקף אפור'}, 'לְפִ֥י']	"ראו ברויאר, טעמי המקרא, יא.47 הערה 27."	
39.6	נוסח	אַ֥ךְ	["=א?,ל,ש1 וכך הכריעו ברויאר ומג\"ה.", {"tmpl_name": "ש"}, "א?=אַ֖ךְ (בטעם טפחא?)", {"tmpl_name": "ש"}, "הקו ישר בכתר, אבל אין מניעה לומר שהכוונה הייתה למרכא.", {"tmpl_name": "ש"}, "חלק מהדפוסים וקורן=אַךְ־כָּל־הֶ֥בֶל (\"אך\" מוקפת ואין בה טעם או געיה)"]	
39.13	נוסח	['שִׁ֥מְﬞעָֽה', {'tmpl_name': 'מ:מקף אפור'}, 'תְפִלָּתִ֨י', {'tmpl_name': 'מ:לגרמיה-2'}]	["א=<שִׁ֥מֳעָֽה תְפִלָּתִ֨י׀> (חטף קמץ באות מ\"ם) או <שִׁ֥מֲעָֽה תְפִלָּתִ֨י׀> (חטף פתח); בצילום אפשר להבחין היטב בנקודת חטף מטושטשת. לפי ברויאר חטף קמץ ולפי מג\"ה חטף פתח.", {"tmpl_name": "ש"}, "ל=<שִֽׁמְעָ֥ה־תְפִלָּתִ֨י׀> (מ\"ם שוואה ומקף)"]	
40.2	נוסח	{'tmpl_name': 'ר4'}	"פרשה פתוחה"	
40.8	נוסח	בִּמְגִלַּת־סֵ֝֗פֶר	"א=בִּמְגִלַּת־סֵ֝פֶר (השמטת נקודת הרביע)"	
40.13	נוסח	['אָפְﬞפֽוּ־עָלַ֨י', {'tmpl_name': 'מ:לגרמיה-2'}]	"א=אָפֲפֽוּ־עָלַ֨י (חטף)"	
40.16	נוסח	לִ֝֗י	"א=לִ֝י (השמטת נקודת הרביע)"	
41.2	נוסח	{'tmpl_name': 'ר4'}	"פרשה פתוחה"	
42.2	נוסח	{'tmpl_name': 'ר4'}	"פרשה פתוחה"	
42.11	נוסח	צוֹרְﬞרָ֑י	["א=צוֹרֲרָ֑י (חטף)", {"tmpl_name": "ש"}, "חסר ברשימת ברויאר"]	
43.1	נוסח	['מֵ֤אִישׁ', {'tmpl_name': 'מ:מקף אפור'}, 'מִרְמָ֖ה']	"=לגבי ההקפה ראו ייבין, מב.16.4 (עמ' 293)."	
44.2	נוסח	{'tmpl_name': 'ר4'}	"פרשה פתוחה"	
44.7	נוסח	וְ֝חַרְבִּ֗י	["=א?,ל,ק-מ ובדפוסים (וכן הכריעו ברויאר ומג\"ה)", {"tmpl_name": "ש"}, "א?=וְחַרְבִּ֗י (חסר גרש בוי\"ו?)", {"tmpl_name": "ש"}, "אפשר להבחין בגרש באופן ברור, אמנם הוא מטושטש ואולי מחוק"]	
44.15	נוסח	מְנֽוֹד־רֹ֝֗אשׁ	"א=מְנֽוֹד־רֹ֝אשׁ (השמטת נקודת הרביע)"	
44.27	נוסח	{'tmpl_name': 'מ:דחי', 'tmpl_params': {'1': 'ק֭וּמָֽה', '2': 'ק֭וּמָ֭ה'}}	["=א?,ל ובדפוסים (דחי וקו של געיה להורות על מקום הטעם, וכך הכריעו במג\"ה)", {"tmpl_name": "ש"}, "א?=ק֭וּמָ֥ה (הקו קצת נטוי כמרכא, וכן הכריע ברויאר בשתי מהדורותיו האחרונות ועל פיו במכון ממרא)"]	
45.1	נוסח	{'tmpl_name': 'ר1'}	"פרשה סתומה"	
45.3	נוסח	יׇפְיָפִ֡יתָ	"לגבי הקמץ הקטן ביו\"ד הראשונה ראו ויינברג 3.6.8.7, שציין ספק לגבי תיבה זו. הכרענו לפי המסורת הספרדית שבה הקמץ קטן, וכך בסימנים ובתנ\"ך קורן החדש."	
45.9	נוסח	שֵׁ֝֗ן	"א=שֵׁ֝ן (השמטת נקודת הרביע)"	
46.1	נוסח	{'tmpl_name': 'ר1'}	"פרשה סתומה"	
46.8	נוסח	מִשְׂגָּֽב־לָ֨נוּ	"הקמץ היה מתקיים כקמץ גדול אלמלא ההקפה, כמו: \"כִּֽי־הָיִ֣יתָ מִשְׂגָּ֣ב לִ֑י\" (תהלים נט,יז), ולכן הוא קמץ גדול אף בתיבה מוקפת."	
46.12	נוסח	מִשְׂגָּֽב־לָ֨נוּ	"לגבי הקמץ ראו בהערה לעיל, פסוק ח'."	
47.2	נוסח	{'tmpl_name': 'ר4'}	"פרשה פתוחה"	
47.5	נוסח	['אֶ֥ת', {'tmpl_name': 'מ:מקף אפור'}, 'גְּא֨וֹן']	"על מרכא כטעם משני ראו ברויאר, טעמי המקרא, ט.27 (עמ' 229-231); ט.30 (עמ' 232)."	
48.2	נוסח	{'tmpl_name': 'ר4'}	"פרשה פתוחה"	
48.7	נוסח	חִ֝֗יל	"א=חִ֝יל (השמטת נקודת הרביע)"	
48.11	נוסח	צֶ֝֗דֶק	"א=צֶ֝דֶק (השמטת נקודת הרביע)"	
49.2	נוסח	{'tmpl_name': 'ר4'}	"פרשה פתוחה"	
49.3	נוסח	יַ֝֗חַד	"א=יַ֝חַד (השמטת נקודת הרביע)"	
49.15	נוסח	{'tmpl_name': 'מ:צינור', 'tmpl_params': {'1': 'שַׁתּוּ֮', '2': 'שַׁ֮תּוּ֮'}}	["=ק13,ת (טעם כפול בכתב־היד בהברה המוטעמת, להורות על מקום הטעם במקום שאפשר לטעות בו); וראו ייבין, המסורה למקרא 328 (עמ' 195), והשוו תהלים עג,ט וראו במ\"ש.", {"tmpl_name": "ש"}, "א,ל,ש1,ל-א,פטרבורג-EVR-II-B-34,פטרבורג-EVR-II-B-115=שַׁתּוּ֮ (צינור אחד כרגיל וכצפוי אפילו אם הטעם מלעיל)", {"tmpl_name": "ש"}, "בדעת מקרא העירו על האפשרות ש\"שַׁתּוּ֮\" כמו \"שָׁתוּ\" ופירושו שהם נקבצים ונאספים אל שאול כעדר צאן: \"ומחלוקת אם 'שתו' מלעיל או מלרע (עי' 'מנחת שי').\" בספר תהלים סימנים כתר מלכות (ירושלים, תשס\"ב) התיבה מסומנת מלרע (שַׁתּֽוּ֮)."]	
49.20	נוסח	עַד־נֵ֝֗צַח	"א=עַד־נֵ֝צַח (השמטת נקודת הרביע)"	
50.1	נוסח	{'tmpl_name': 'ר3'}	"פרשה פתוחה"	
50.1	נוסח	{'tmpl_name': 'מ:פסק'}	["ראו ב", {"tmpl_name": "מ:קישור בהערה", "tmpl_params": {"1": "https://archive.org/details/Ginsburg_The-Massorah-Compiled-from-Manuscripts_1880-1905/page/n654/mode/1up", "2": "רשימת הפסק של גינצבורג"}}, ". בסימנים קבעו שהוא קו של לגרמיה."]	
50.1	נוסח	מִמִּזְרַח־שֶׁ֝֗מֶשׁ	"א=מִמִּזְרַח־שֶׁ֝מֶשׁ (השמטת נקודת הרביע)"	
50.23	נוסח	יְֽכַ֫בְּדָ֥נְנִי	["=ל,ש1 ובדפוסים (וכן הכריעו ברויאר ומג\"ה)", {"tmpl_name": "ש"}, "א!=יְֽכַ֫בְּ֫דָ֥נְנִי (סימן ה\"עולה\" כתוב פעמיים באותיות הסמוכות כ\"ף ובי\"ת)", {"tmpl_name": "ש"}, "ק-מ!=יְֽכַבְּדָ֥נְנִי (סימן העולה חסר לגמרי)"]	
51.2	נוסח	{'tmpl_name': 'ר4'}	"פרשה פתוחה"	
51.2	נוסח	כַּאֲשֶׁר־בָּ֝֗א	"א=כַּאֲשֶׁר־בָּ֝א (השמטת נקודת הרביע)"	
51.11	נוסח	וְֽכׇל־עֲוֺ֖נֹתַ֣י	["=א", {"tmpl_name": "ש"}, "ממ!=וְֽכָל־עֲ֖וֹנֹתַ֣י (הטעם באות עי״ן ונקודת החולם רגילה)"]	
51.16	נוסח	לְ֝שׁוֹנִ֗י	"ממ=לְשׁוֹנִ֗י"	
52.2	נוסח	{'tmpl_name': 'ר4'}	"פרשה פתוחה"	
52.3	נוסח	אֵ֝֗ל	"א=אֵ֝ל (השמטת נקודת הרביע)"	
52.9	נוסח	מָ֫עוּזּ֥וֹ	"א=מָע֫וּזּ֥וֹ ( בניגוד לשיטתו ה\"עולה\" אינו מסומן כאן בהברה הראויה לגעיה)"	
52.11	נוסח	וַאֲקַוֶּ֥ה	["=א (במרכא)", {"tmpl_name": "ש"}, "הקלדה=וַאֲקַוֶּ֖ה בעקבות BHS."]	
52.11	נוסח	כִי־ט֝֗וֹב	"א=כִי־ט֝וֹב (השמטת נקודת הרביע)"	
53.2	נוסח	{'tmpl_name': 'ר4'}	"פרשה פתוחה"	
53.2	נוסח	הִֽ֝שְׁﬞחִ֗יתוּ	["א=הִֽ֝שְִׁחִ֗יתוּ (חטף חיריק בשי\"ן)", {"tmpl_name": "ש"}, "בכל מקום אחר, אין תחום שלטונו של רביע מוגרש מתחלק על ידי שום מפסיק. ואילו כאן נראה שיש רביע מוגרש (\"הִֽ֝שְִׁחִ֗יתוּ\") המחלק את תחומו של רביע מוגרש הבא אחריו (\"עָ֝וֶל\"). ברויאר כתב על הטעמה זו שהיא \"חריגה ביותר, ואיננה מובנת כלל\" (טעמי המקרא י.19, עמ' 254 הערה 16). והשוו תופעה דומה בפסוק המקביל (תהלים יד,א); שם מדובר על רביע הבא לחלק את שמאלו של אתנחתא (במקום רביע מוגרש!), ובעוד רביע הבא לפניו כדי לחלק את תחום שלטונו."]	
53.2	נוסח	וְהִֽתְﬞעִ֥יבוּ	"א=וְהִֽתְִעִ֥יבוּ (חטף חיריק בתי\"ו)"	
53.2	נוסח	עָ֝֗וֶל	"א=עָ֝וֶל (השמטת נקודת הרביע)"	
53.4	נוסח	אֵ֝֗ין	"א=אֵ֝ין (השמטת נקודת הרביע)"	
53.6	נוסח	לֹא־הָ֢יָ֫ה פָ֥חַד	["=א?,ל?,ש1,ב1 ובדפוסים", {"tmpl_name": "ש"}, "בכתר ובכתי\"ל סימן העולה תלוי בין האותיות יו\"ד ורי\"ש (וכן אצל דותן וברויאר ומג\"ה)."]	
54.2	נוסח	{'tmpl_name': 'ר4'}	"פרשה פתוחה"	
54.8	נוסח	['א֤וֹדֶה', {'tmpl_name': 'מ:מקף אפור'}, 'שִּׁמְךָ֖']	"=לגבי ההקפה ראו ייבין, מב.16.4 (עמ' 293)."	
55.2	נוסח	{'tmpl_name': 'ר4'}	"פרשה פתוחה"	
55.4	נוסח	אָ֝֗וֶן	"א=אָ֝וֶן (השמטת נקודת הרביע)"	
55.5	נוסח	מָ֝֗וֶת	"א=מָ֝וֶת (השמטת נקודת הרביע)"	
55.11	נוסח	יְסוֹבְﬞבֻ֥הָ	"א=יְסוֹבֲבֻ֥הָ (חטף)"	
55.20	נוסח	{'tmpl_name': 'מ:פסק'}	["ראו ב", {"tmpl_name": "מ:קישור בהערה", "tmpl_params": {"1": "https://archive.org/details/Ginsburg_The-Massorah-Compiled-from-Manuscripts_1880-1905/page/n654/mode/1up", "2": "רשימת הפסק של גינצבורג"}}, "; רק הקו השני (אחרי \"אֵ֨ל\") מובא ב", {"tmpl_name": "מ:קישור בהערה", "tmpl_params": {"1": "https://archive.org/details/Ginsburg_The-Massorah-Compiled-from-Manuscripts_1880-1905/page/n643/mode/1up", "2": "רשימת הלגרמיה שלו"}}, ". בסימנים קבעו שכאן הוא קו של לגרמיה."]	
55.20	נוסח	סֶ֥֫לָה	"א=סֶ֥לָה (המשטת סימן העולה)"	
55.22	נוסח	וּֽקְﬞרָב־לִ֫בּ֥וֹ	"א=וּֽקֲרָב־לִ֫בּ֥וֹ (חטף)"	
56.1	נוסח	{'tmpl_name': 'ר1'}	"פרשה סתומה"	
56.3	נוסח	{'tmpl_name': 'מ:דחי', 'tmpl_params': {'1': 'שׁ֭וֹרְﬞרַי', '2': 'שׁ֭וֹרְﬞרַ֭י'}}	"א=שׁ֭וֹרֲרַי (חטף)"	
56.5	נוסח	דְּבָ֫ר֥וֹ	"א!=דְּבָר֥֫וֹ (סימן ה\"עולה\" באות רי\"ש במקום באות בי\"ת)"	
56.12	נוסח	לֹּ֣א	["=א (למ\"ד דגושה) וכך הכריעו במג\"ה", {"tmpl_name": "ש"}, "ל,ש1=לֹ֣א (למ\"ד רפה) וכך הכריע ברויאר, וכמו כן בדפוסים"]	
57.1	נוסח	{'tmpl_name': 'ר1'}	"פרשה סתומה"	
57.2	נוסח	עַ֝֗ד	"א=עַ֝ד (השמטת נקודת הרביע)"	
57.5	נוסח	וּ֝לְשׁוֹנָ֗ם	["=ל ובדפוסים (וכן הכריעו ברויאר ומג\"ה)", {"tmpl_name": "ש"}, "א!=וּלְשׁוֹנָ֗ם (חסר גרש); לפי ברויאר רק בספק, אמנם מעיון בצילום הכתר חסרון הגרש ודאי.)"]	
57.9	נוסח	{'tmpl_name': 'מ:דחי', 'tmpl_params': {'1': 'ע֭וּרָֽה', '2': 'ע֭וּרָ֭ה'}}	["=א?,ל? (קו של דחי וקו של געיה להורות על מקום הטעם) וכך במהדורותיו הראשונות של ברויאר (מוסד הרב קוק וחורב) ובמג\"ה ובדפוסים וקורן וסימנים. והשוו לפסוק המקביל בתהלים קח,ג (שם הקווים לדחי ולגעיה ברורים).", {"tmpl_name": "ש"}, "א?,ל?=ע֖וּרָ֥ה (טרחא ומרכא?); וראו ברויאר, טעמי המקרא, יא.43 עמ' 285 על טרחא ומרכא כשני המשרתים הסמוכים לרביע. וכך נדפס אצל ברויאר בכתר ירושלים וכמו כן במכון ממרא."]	
58.2	נוסח	{'tmpl_name': 'ר4'}	"פרשה פתוחה"	
58.9	נוסח	אֵ֝֗שֶׁת	"א=אֵ֝שֶׁת (השמטת נקודת הרביע)"	
59.1	נוסח	{'tmpl_name': 'ר1'}	"פרשה סתומה"	
59.7	נוסח	וִיס֥וֹבְﬞבוּ	"א=וִיס֥וֹבֲבוּ (חטף)"	
59.15	נוסח	וִיס֥וֹבְﬞבוּ	"א=וִיס֥וֹבֲבוּ (חטף)"	
60.1	נוסח	{'tmpl_name': 'ר1'}	"פרשה סתומה"	
60.9	נוסח	מְחֹֽקְﬞקִֽי	"א=מְחֹֽקֲקִֽי (חטף)"	
60.14	נוסח	בֵּאלֹהִ֥ים	["=א,ל,ש1 (מרכא) וכך הכריעו ברויאר ומג\"ה, וכמו כן בדפוסים.", {"tmpl_name": "ש"}, "לפי ברויאר א?=בֵּ֭אלֹהִ֥ים (קו של דחי בנוסף למרכא?) אמנם לא כך נראה בצילום הכתר."]	
61.2	נוסח	{'tmpl_name': 'ר4'}	"פרשה פתוחה"	
61.4	נוסח	מִגְדַּל־עֹ֝֗ז	"א=מִגְדַּל־עֹ֝ז (השמטת נקודת הרביע)"	
62.1	נוסח	{'tmpl_name': 'ר1'}	"פרשה סתומה"	
62.4	נוסח	תְּה֥וֹתְﬞת֣וּ	["טעמים=א (וכן ברויאר ומג\"ה)", {"tmpl_name": "ש"}, "א=תְּה֥וֹתֲת֣וּ (חטף)", {"tmpl_name": "ש"}, "הקלדה=תְּהֽוֹתְת֣וּ (געיה ומונח) בעקבות BHS (וכן במכון ממרא!)."]	
62.5	נוסח	יְקַֽלְﬞלוּ־סֶֽלָה	"א=יְקַֽלֲלוּ־סֶֽלָה (חטף)"	
62.10	נוסח	הֵ֝֗מָּה	"א=הֵ֝מָּה (השמטת נקודת הרביע)"	
62.12	נוסח	עֹ֝֗ז	"א=עֹ֝ז (השמטת נקודת הרביע)"	
63.1	נוסח	{'tmpl_name': 'ר1'}	"פרשה סתומה"	
63.9	נוסח	בִּ֝֗י	"א=בִּ֝י (השמטת נקודת הרביע)"	
64.2	נוסח	{'tmpl_name': 'ר4'}	"פרשה פתוחה"	
64.7	נוסח	אִ֝֗ישׁ	"א=אִ֝ישׁ (השמטת נקודת הרביע)"	
64.8	נוסח	אֱלֹ֫הִ֥ים	["=ל", {"tmpl_name": "ש"}, "א!=אֱ֫לֹהִ֥ים (סימון ה\"עולה\" באות אל\"ף במקום באות למ\"ד)"]	
64.9	נוסח	יִ֝תְנֹדְﬞד֗וּ	"א=יִ֝תְנֹדֲד֗וּ (חטף)"	
64.11	נוסח	וְ֝יִתְהַלְﬞל֗וּ	"א=וְ֝יִתְהַלֲל֗וּ (חטף)"	
65.2	נוסח	{'tmpl_name': 'ר4'}	"פרשה פתוחה"	
65.5	נוסח	תִּ֥בְﬞחַ֣ר	"א=תִּ֥בֲחַ֣ר (חטף)"	
65.6	נוסח	כׇּל־קַצְוֵי־אֶ֝֗רֶץ	"א=כׇּל־קַצְוֵי־אֶ֝רֶץ (השמטת נקודת הרביע)"	
65.10	נוסח	וַתְּשֹׁ֪קְﬞקֶ֡הָ	"א=וַתְּשֹׁ֪קֲקֶ֡הָ (חטף)"	
65.11	נוסח	תְּ֝מֹגְﬞגֶ֗נָּה	"א=תְּ֝מֹגֲגֶ֗נָּה (חטף)"	
66.1	נוסח	{'tmpl_name': 'ר1'}	"פרשה סתומה"	
66.6	נוסח	שָׁ֝֗ם	"א=שָׁ֝ם (השמטת נקודת הרביע)"	
66.7	נוסח	['הַסּוֹרְﬞרִ֓ים', {'tmpl_name': 'מ:לגרמיה-2'}]	["א=<הַסּוֹרֲרִ֓ים", {"tmpl_name": "מ:לגרמיה-2"}, "> (חטף)"]	
66.8	נוסח	בָּרְﬞכ֖וּ	"א=בָּרֲכ֖וּ (חטף)"	
66.12	נוסח	לָרְﬞוָיָֽה	"א=לָרֲוָיָֽה (חטף)"	
66.14	נוסח	וְדִבֶּר־פִּ֝֗י	"א=וְדִבֶּר־פִּ֝י (השמטת נקודת הרביע)"	
67.2	נוסח	{'tmpl_name': 'ר4'}	"פרשה פתוחה"	
67.2	נוסח	וִיבָרְﬞכֵ֑נוּ	"א=וִיבָרֲכֵ֑נוּ (חטף)"	
67.5	נוסח	יִ֥שְׂמְח֥וּ	["=א (מרכא ומרכא)", {"tmpl_name": "ש"}, "דפוסים,ממ=יִֽשְׂמְח֥וּ (געיה ומרכא)"]	
67.7	נוסח	יְ֝בָרְﬞכֵ֗נוּ	"א=יְ֝בָרֲכֵ֗נוּ (חטף)"	
67.8	נוסח	יְבָרְﬞכֵ֥נוּ	"א=יְבָרֲכֵ֥נוּ (חטף)"	
68.2	נוסח	{'tmpl_name': 'ר4'}	"פרשה פתוחה"	
68.7	נוסח	ס֝וֹרְﬞרִ֗ים	"א=ס֝וֹרֲרִ֗ים (חטף)"	
68.13	נוסח	בַּ֝֗יִת	"א=בַּ֝יִת (השמטת נקודת הרביע)"	
68.18	נוסח	בָֿ֝֗ם	"א=בָֿ֝ם (השמטת נקודת הרביע); השארנו כאן את סימן הרפה באות בי\"ת בעקבות דברי מנחת־שי על ישעיהו לד,יא."	
68.19	נוסח	ס֝וֹרְﬞרִ֗ים	"א=ס֝וֹרֲרִ֗ים (חטף)"	
68.19	נוסח	{'tmpl_name': 'מ:פסק'}	["ראו ב", {"tmpl_name": "מ:קישור בהערה", "tmpl_params": {"1": "https://archive.org/details/Ginsburg_The-Massorah-Compiled-from-Manuscripts_1880-1905/page/n654/mode/1up", "2": "רשימת הפסק של גינצבורג"}}, ". בסימנים קבעו שהוא קו של לגרמיה."]	
68.20	נוסח	{'tmpl_name': 'מ:פסק'}	["ראו ב", {"tmpl_name": "מ:קישור בהערה", "tmpl_params": {"1": "https://archive.org/details/Ginsburg_The-Massorah-Compiled-from-Manuscripts_1880-1905/page/n654/mode/1up", "2": "רשימת הפסק של גינצבורג"}}, ". בסימנים קבעו שהוא קו של לגרמיה."]	
68.20	נוסח	י֥֫וֹם	"א=י֥וֹם (השמטת סימן העולה)"	
68.21	נוסח	לְֽמ֫וֹשָׁע֥וֹת	"א!=לְֽמוֹשָׁ֫ע֥וֹת (בניגוד לדרכו ה\"עולה\" אינו מסומן בהברה הראויה לגעיה)"	
68.24	נוסח	תִּ֥מְﬞחַ֥ץ	"א=תִּ֥מֲחַ֥ץ (חטף)"	
68.27	נוסח	בָּרְﬞכ֣וּ	"א=בָּרֲכ֣וּ (חטף)"	
68.29	נוסח	ז֝֗וּ	"א=ז֝וּ (השמטת נקודת הרביע)"	
68.36	נוסח	אֱלֹהִ֗ים מִֽמִּקְדָּ֫שֶׁ֥יךָ	["=א,ל (אין קו של פסק)", {"tmpl_name": "ש"}, "דפוסים=<אֱלֹהִ֗ים", {"tmpl_name": "מ:פסק"}, "מִֽמִּקְדָּ֫שֶׁ֥יךָ> (בפסק) וכן בקורן"]	
68.36	נוסח	{'tmpl_name': 'מ:פסק'}	["ראו ב", {"tmpl_name": "מ:קישור בהערה", "tmpl_params": {"1": "https://archive.org/details/Ginsburg_The-Massorah-Compiled-from-Manuscripts_1880-1905/page/n654/mode/1up", "2": "רשימת הפסק של גינצבורג"}}, ". בסימנים קבעו שהוא קו של לגרמיה."]	
69.2	נוסח	{'tmpl_name': 'ר4'}	"פרשה פתוחה"	
69.3	נוסח	בְמַעֲמַקֵּי־מַ֝֗יִם	"א=בְמַעֲמַקֵּי־מַ֝יִם (השמטת נקודת הרביע)"	
69.18	נוסח	כִּי־צַר־לִ֝֗י	"א=כִּי־צַר־לִ֝י (השמטת נקודת הרביע)"	
69.20	נוסח	כׇּל־צוֹרְﬞרָֽי	"א=כׇּל־צוֹרֲרָֽי (חטף)"	
69.29	נוסח	{'tmpl_name': 'מ:דחי', 'tmpl_params': {'1': 'יִ֭מָּחֽוּ', '2': 'יִ֭מָּח֭וּ'}}	["א?,ל (דחי וקו של געיה להורות על מקום הטעם); הקו קצת נטוי כמרכא אך גם יכול להיות געיה (וכך במג\"ה).", {"tmpl_name": "ש"}, "א?=יִ֭מָּח֥וּ (דחי ומרכא?); וכך הכריע ברויאר ובעקבותיו במכון ממרא"]	
69.31	נוסח	אֲהַלְﬞלָ֣ה	"א=אֲהַלֲלָ֣ה (חטף)"	
69.35	נוסח	{'tmpl_name': 'מ:דחי', 'tmpl_params': {'1': 'יְֽ֭הַלְﬞלוּהוּ', '2': 'יְֽ֭הַלְﬞל֭וּהוּ'}}	"א=יְֽ֭הַלֲלוּהוּ (חטף)"	
69.36	נוסח	שָׁ֝֗ם	"א=שָׁ֝ם (השמטת נקודת הרביע)"	
70.2	נוסח	{'tmpl_name': 'ר1'}	"פרשה סתומה בסוף כותרת של פסוק שלם (!)"	
70.6	נוסח	ח֫וּשָׁה־לִּ֥י	["=א (תיבת ה\"עולה\" מוקפת בכתב־היד, וה\"עולה\" מסומן בה בהברה הראויה לגעיה כשיטתו)", {"tmpl_name": "ש"}, "דפוסים=<חֽוּשָׁ֫ה לִּ֥י> (וכן ברויאר לשיטתו)"]	
71.17	נוסח	וְעַד־הֵ֝֗נָּה	"א=וְעַד־הֵ֝נָּה (השמטת נקודת הרביע)"	
71.18	נוסח	אַֽל־תַּ֫עַזְבֵ֥נִי	["=א (תיבת ה\"עולה\" מוקפת בכתב־היד, וה\"עולה\" מסומן בה בהברה הראויה לגעיה כשיטתו)", {"tmpl_name": "ש"}, "ל=אַֽל־תַּעַ֫זְבֵ֥נִי ובדפוסים (מקום העולה, וכן ברויאר לשיטתו)"]	
72.1	נוסח	{'tmpl_name': 'ר1'}	"פרשה סתומה"	
72.15	נוסח	יְבָרְﬞכֶֽנְהוּ	"א=יְבָרֲכֶֽנְהוּ (חטף)"	
72.20	נוסח	כׇּלּ֥וּ	"הקמץ קטן; ראו בהערה לדעת מקרא כאן: <'כלו' עבר לנסתרים של בניין פועל (הסביל של הקל) של שורש 'כלי' הלמ\"ד דגושה והכ\"ף בקמץ קטן תמורת קיבוץ. ואפשר שניקדוהו בבניין פועל ולא בבניין קל. לפי שבבניין קל יש לו משמעות של אבדון, כמו: כלו בעשן כלו (לעיל לז כ) ובבניין הסביל יש לו משמעות של סיום היצירה, כמו ויכלו השמים (בר' ב א).> והשוו תהלים פ,יא; משלי כד,לא; וראו שם בהערות לדעת מקרא."	
73.1	נוסח	{'tmpl_name': 'ר3'}	"פרשה פתוחה"	
73.1	נוסח	ט֖וֹב	["=א,ל (בטעם המשרת טרחא); הטעם באמצע האות באופן ברור בכתבי־היד, וראו ברויאר, טעמי המקרא, יא.43 עמ' 285. בהתאם לכך נדפס אצל דותן, ברויאר (מוסד הרב קוק וחורב), מכון ממרא, מג\"ה.", {"tmpl_name": "ש"}, "הקלדה=ט֭וֹב (בדחי, טעות בעקבות BHS). אמנם גם במהדורת \"סימנים\" ואף אצל ברויאר, כתר ירושלים (!), נדפס \"ט֭וֹב\" בדחי."]	
73.2	נוסח	{'tmpl_name': 'כו״ק', 'tmpl_params': {'1': 'נטוי', '2': 'נָטָ֣יוּ'}}	"א-כתיב=נָטָ֣וּי"	
73.3	נוסח	בַּהוֹלְﬞלִ֑ים	"א=בַּהוֹלֲלִ֑ים (חטף)"	
73.6	נוסח	יַעֲטָף־שִׁ֝֗ית	"א=יַעֲטָף־שִׁ֝ית (השמטת נקודת הרביע)"	
73.19	נוסח	תַ֝֗מּוּ	"א=תַ֝מּוּ (השמטת נקודת הרביע)"	
73.28	נוסח	קִ֥רְﬞבַ֥ת	"א=קִ֥רֲבַ֥ת (חטף)"	
74.1	נוסח	{'tmpl_name': 'ר3'}	"פרשה פתוחה"	
74.4	נוסח	{'tmpl_name': 'מ:דחי', 'tmpl_params': {'1': 'צֹ֭רְﬞרֶיךָ', '2': 'צֹ֭רְﬞרֶ֭יךָ'}}	"א=צֹ֭רֲרֶיךָ (חטף)"	
74.5	נוסח	בִּסְﬞבׇךְ־עֵ֝֗ץ	"א=בִּסֲבָךְ־עֵ֝ץ (חטף; השמטת נקודת הרביע)"	
74.20	נוסח	מַחֲשַׁכֵּי־אֶ֝֗רֶץ	"א=מַחֲשַׁכֵּי־אֶ֝רֶץ (השמטת נקודת הרביע)"	
74.21	נוסח	יְֽהַלְﬞל֥וּ	"א=יְֽהַלֲל֥וּ (חטף)"	
74.23	נוסח	צֹרְﬞרֶ֑יךָ	"א=צֹרֲרֶ֑יךָ (חטף)"	
75.2	נוסח	{'tmpl_name': 'ר4'}	"פרשה פתוחה"	
75.4	נוסח	נְֽמֹגִ֗ים אֶ֥רֶץ	["=ל", {"tmpl_name": "ש"}, "א!=נְֽמֹגִ֗ים־אֶ֥רֶץ (מקף בתיבת רביע); גם המקף וגם נקודת הרביע ברורים לגמרי בכתב־היד. ברויאר ומג\"ה הכריעו על השמטת המקף."]	
75.5	נוסח	{'tmpl_name': 'מ:דחי', 'tmpl_params': {'1': 'לַ֭הוֹלְﬞלִים', '2': 'לַ֭הוֹלְﬞלִ֭ים'}}	"א=לַ֭הוֹלֲלִים (חטף)"	
75.9	נוסח	כֹּ֝֗ל	"א=כֹּ֝ל (השמטת נקודת הרביע)"	
76.2	נוסח	{'tmpl_name': 'ר4'}	"פרשה פתוחה"	
76.6	נוסח	['אֶשְׁתּֽוֹלְﬞל֨וּ', {'tmpl_name': 'מ:לגרמיה-2'}]	["א=<אֶשְׁתּֽוֹלֲל֨וּ", {"tmpl_name": "מ:לגרמיה-2"}, "> (חטף)", {"tmpl_name": "ש"}, "חסר ברשימת ברויאר (אולי בגלל שהמקום מטושטש)"]	
76.12	נוסח	נִ֥דְﬞר֣וּ	"א=נִ֥דֲר֣וּ (חטף)"	
76.12	נוסח	שַׁ֝֗י	"א=שַׁ֝י (השמטת נקודת הרביע)"	
77.2	נוסח	{'tmpl_name': 'ר4'}	"פרשה פתוחה"	
77.8	נוסח	{'tmpl_name': 'מ:דחי', 'tmpl_params': {'1': 'הַֽ֭לְעוֹלָמִים', '2': 'הַֽ֭לְעוֹלָמִ֭ים'}}	["=א וקורן באות ה\"א רגילה", {"tmpl_name": "ש"}, "יש ספרים=", {"tmpl_name": "מ:אות-מיוחדת-במילה", "tmpl_params": {"1": [{"tmpl_name": "מ:אות-ג", "tmpl_params": {"1": "הַ֭"}}, "לְעוֹלָמִים"], "2": "הַ֭לְעוֹלָמִים", "3": "ה.......", "4": "ג", "5": "ה/ג"}}, " באות ה\"א גדולה"]	
77.9	נוסח	אֹ֝֗מֶר	"א=אֹ֝מֶר (השמטת נקודת הרביע)"	
77.17	נוסח	אַ֝֗ף	"=א (נקודת הרביע מסומנת בכתב־היד)"	
77.20	נוסח	{'tmpl_name': 'כו״ק', 'tmpl_params': {'1': 'ושביליך', '2': {'tmpl_name': 'מ:דחי', 'tmpl_params': {'1': 'וּֽ֭שְׁבִילְךָ', '2': 'וּֽ֭שְׁבִילְךָ֭'}}}}	"א-כתיב=יתיר י'"	
78.1	נוסח	{'tmpl_name': 'ר3'}	"פרשה פתוחה"	
78.21	נוסח	וְגַם־אַ֝֗ף	"א=וְגַם־אַ֝ף (השמטת נקודת הרביע)"	
78.30	נוסח	ע֝֗וֹד	"א=ע֝וֹד (השמטת נקודת הרביע)"	
78.42	נוסח	י֝֗וֹם	"א=י֝וֹם (השמטת נקודת הרביע)"	
78.54	נוסח	הַר־זֶ֝֗ה	"א=הַר־זֶ֝ה (השמטת נקודת הרביע)"	
78.60	נוסח	אֹ֝֗הֶל	"א=אֹ֝הֶל (השמטת נקודת הרביע)"	
79.1	נוסח	{'tmpl_name': 'ר3'}	"פרשה פתוחה"	
79.5	נוסח	כְּמוֹ־אֵ֝֗שׁ	"א=כְּמוֹ־אֵ֝שׁ (השמטת נקודת הרביע)"	
79.10	נוסח	{'tmpl_name': 'כו״ק', 'tmpl_params': {'1': 'בגיים', '2': 'בַּגּוֹיִ֣ם'}}	"א-כתיב=בַּגֹּייִ֣ם"	
80.1	נוסח	{'tmpl_name': 'ר1'}	"פרשה סתומה"	
80.3	נוסח	עוֹרְﬞרָ֥ה	"א=עוֹרֲרָ֥ה (חטף)"	
80.11	נוסח	כׇּסּ֣וּ	"לגבי הקמץ הקטן ראו מ\"ש <בקמץ חטף מפני דגשות הסמ״ך> ובהערה לדעת מקרא כאן: <'כסו' בבניין פועל של שורש 'כסי' עבר לנסתרים והכ\"ף מנוקדת קמץ קטן תמורת קיבוץ, וכן: כלו תפילו דוד בן ישי (לעיל עב כ).> והשוו גם משלי כד,לא."	
80.11	נוסח	אַֽרְﬞזֵי־אֵֽל	"א=אַֽרֲזֵי־אֵֽל (חטף)"	
80.16	נוסח	{'tmpl_name': 'מ:דחי', 'tmpl_params': {'1': {'tmpl_name': 'מ:אות-מיוחדת-במילה', 'tmpl_params': {'1': ['וְ֭', {'tmpl_name': 'מ:אות-ג', 'tmpl_params': {'1': 'כַ'}}, 'נָּה'], '2': 'וְ֭כַנָּה', '3': '.כ..', '4': 'ג', '5': 'כ/ג'}}, '2': {'tmpl_name': 'מ:אות-מיוחדת-במילה', 'tmpl_params': {'1': ['וְ֭', {'tmpl_name': 'מ:אות-ג', 'tmpl_params': {'1': 'כַ'}}, 'נָּ֭ה'], '2': 'וְ֭כַנָּ֭ה', '3': '.כ..', '4': 'ג', '5': 'כ/ג'}}}}	["=ל-גדולות ומסורה ומ\"ש וקורן (אות כ\"ף גדולה)", {"tmpl_name": "ש"}, "אלש1ת=וְ֭כַנָּה (אין אות גדולה)"]	
80.16	נוסח	וְעַל־בֵּ֝֗ן	"א=וְעַל־בֵּ֝ן (השמטת נקודת הרביע)"	
80.20	נוסח	יְ֘הֹוָ֤ה	"=א (מקום הצינורית כשיטתו)"	
81.2	נוסח	{'tmpl_name': 'ר4'}	"פרשה פתוחה"	
81.8	נוסח	אֶבְחׇנְךָ֨	"מדובר על אחד מפעלי אֶפְעַל שהרי ע' הפועל אות גרונית, ואם כן הקמץ אמור להיות קמץ רחב (ראו ויינברג, 3.2.3.2 בפסקת \"NOTE\" שבה יש רשימה של פעלים מהסוג הזה, והתיבה הזאת אמורה להיות ביניהם, אמנם היא כתובה בטעות בפסקה הבאה בתוך פעלי אֶפְעֹל). אך המדקדקים הספרדים (ראו רד\"ק, מאירי) מציינים מסורת שהקמץ חטוף, וגם במ\"ש הביא מסורת זו למרות הסתייגות ע\"פ כללי הדקדוק (\"קבלנו קריאתו בקמץ חטף אשר לא כדת בהיות העין גרונית\"). גם המילון של דוידזון מציין כאן קמץ קטן; והשוו תהלים יח,ב."	
81.11	נוסח	יְ֘הֹוָ֤ה	"=א (מקום הצינורית בהברה הראויה לגעיה כדרכו)"	
81.11	נוסח	הַרְחֶב־פִּ֝֗יךָ	"א=הַרְחֶב־פִּ֝יךָ (השמטת נקודת הרביע)"	
82.1	נוסח	{'tmpl_name': 'ר3'}	"פרשה פתוחה"	
83.2	נוסח	{'tmpl_name': 'ר4'}	"פרשה פתוחה"	
83.11	נוסח	דֹ֝֗מֶן	"א=דֹ֝מֶן (השמטת נקודת הרביע)"	
83.13	נוסח	נִ֣ירְﬞשָׁה	"א=נִ֣ירֲשָׁה (חטף)"	
83.13	נוסח	אֵ֝֗ת	"א=אֵ֝ת (השמטת נקודת הרביע)"	
84.2	נוסח	{'tmpl_name': 'ר4'}	"פרשה פתוחה"	
84.3	נוסח	יְ֫הֹוָ֥ה	"=א (מקום ה\"עולה\" כשיטתו)"	
84.4	נוסח	{'tmpl_name': 'מ:אות-מיוחדת-במילה', 'tmpl_params': {'1': [{'tmpl_name': 'מ:אות-ג', 'tmpl_params': {'1': 'קֵ֥'}}, 'ן'], '2': 'קֵ֥ן', '3': 'ק.', '4': 'ג', '5': 'ק/ג'}}	["=ל-גדולות,קורן (אות קו\"ף גדולה)", {"tmpl_name": "ש"}, "א,ל,ש1,ק-מ=קֵ֥ן (אין אות גדולה)"]	
84.5	נוסח	ע֝֗וֹד	"א=ע֝וֹד (השמטת נקודת הרביע)"	
84.5	נוסח	יְֽהַלְﬞל֥וּךָ	"א=יְֽהַלֲל֥וּךָ (חטף)"	
84.9	נוסח	יְ֘הֹוָ֤ה	"=א (מקום הצינורית כדרכו בשם הוי\"ה)"	
84.12	נוסח	יִמְנַע־ט֝֗וֹב	"א=יִמְנַע־ט֝וֹב (השמטת נקודת הרביע)"	
85.2	נוסח	{'tmpl_name': 'ר4'}	"פרשה פתוחה"	
85.2	נוסח	שַׁ֝֗בְתָּ	"א=שַׁ֝בְתָּ (השמטת נקודת הרביע)"	
85.9	נוסח	יְ֫הֹוָ֥ה	"א!=יְה֫וָ֥ה (בניגוד לדרכו ה\"עולה\" מסומן באות ה\"א של שם הוי\"ה במקום באות יו\"ד)"	
86.1	נוסח	{'tmpl_name': 'ר3'}	"פרשה פתוחה"	
86.2	נוסח	{'tmpl_name': 'מ:קמץ', 'tmpl_params': {'ד': 'שׇׁ֥מְרָ֣ה', 'ס': 'שָׁ֥מְרָ֣ה'}}	"לפי ויינברג, 3.2.2.3; חנן אריאל, על סימון השוואים והקמצים, עמ' 3-5 ובמיוחד בהערה 26 שם. וראו עוד בפירושי ראב\"ע ורד\"ק."	
86.2	נוסח	אָ֥֫נִי	"א=אָ֥נִי (השמטת סימן העולה)"	
86.5	נוסח	וְרַב־חֶ֝֗סֶד	"א=וְרַב־חֶ֝סֶד (השמטת נקודת הרביע)"	
86.7	נוסח	{'tmpl_name': 'מ:דחי', 'tmpl_params': {'1': 'צָ֭רָתִֽי', '2': 'צָ֭רָתִ֭י'}}	["=א?,ל?,ש1? (דחי וקו של געיה להורות על מקום הטעם), וכך במהדורתו הראשונה של ברויאר (מוסד הרב קוק) ובמג\"ה, וכמו כן בדפוסים וקורן וסימנים", {"tmpl_name": "ש"}, "א?,ל?,ש1?=צָ֭רָתִ֥י (דחי ומרכא?); הקו די נוטה לשמאל בכתבי־היד הקרובים, חוץ מכתי\"ק-מ שאין בו קו בכלל באות תי\"ו (צָ֭רָתִי), עובדה שמצביעה על געיה ולא מרכא. במהדורותיו האחרונות של ברויאר (חורב וכתר ירושלים) נדפסה התיבה במרכא, וכן במכון ממרא."]	
86.9	נוסח	וִ֖יכַבְּד֣וּ	["=א,ל (טרחא ומונח) ובקורן", {"tmpl_name": "ש"}, "ממ,הקלדה=וִֽיכַבְּד֣וּ (געיה ומונח) ובדפוסים"]	
87.1	נוסח	{'tmpl_name': 'ר1'}	"פרשה סתומה"	
87.4	נוסח	זֶ֝֗ה	"א=זֶ֝ה (השמטת נקודת הרביע)"	
87.5	נוסח	['וּ֥לְﬞצִיּ֨וֹן', {'tmpl_name': 'מ:לגרמיה-2'}]	["א=<וּ֥לֲצִיּ֨וֹן", {"tmpl_name": "מ:לגרמיה-2"}, "> (חטף)"]	
87.7	נוסח	כְּחֹלְﬞלִ֑ים	"א=כְּחֹלֲלִ֑ים (חטף)"	
88.1	נוסח	{'tmpl_name': 'ר3'}	"פרשה פתוחה"	
88.1	נוסח	{'tmpl_name': 'ר1'}	"פרשה סתומה"	
88.3	נוסח	הַטֵּ֥ה אׇ֝זְנְךָ֗	["=א,ל (\"הטה\" בטעם מרכא) וכן אצל ברואיר ומג\"ה ובקורן)", {"tmpl_name": "ש"}, "ממ=הַטֵּֽה־אׇ֝זְנְךָ֗ (\"הטה\" בגעיה ומוקפת) וכן בדפוסים"]	
89.2	נוסח	{'tmpl_name': 'ר4'}	"פרשה פתוחה"	
89.6	נוסח	וְי֘וֹד֤וּ	["=ל וכמו כן בדפוסים", {"tmpl_name": "ש"}, "א!=וְ֘יוֹד֤וּ (הצינורית מסומנת באות וי\"ו שלא כדרכו של הכתר); והשוו אל התיקון בתוך הכתר עצמו להלן קלח,ב (וְ֘אוֹדֶ֤ה [לפני תיקון], וְא֘וֹדֶ֤ה* [לאחר תיקון])."]	
89.11	נוסח	דִכִּ֣אֿתָ	"=א (אל\"ף רפה); והשוו תהלים נא,י (\"דִּכִּֽיתָ\")."	
89.20	נוסח	דִּבַּ֥רְתָּֽ־בְחָז֡וֹן	"=א,ל (מקף בתיבת משרת)"	
89.29	נוסח	[{'tmpl_name': 'כו״ק', 'tmpl_params': {'1': 'אשמור', '2': 'אֶשְׁמׇר־'}}, 'ל֣וֹ']	["=ל ובדפוסים (וכן בברויאר)", {"tmpl_name": "ש"}, "א-כתיב=אֶשְׁמָור־ל֣וֹ (אין הערת קרי) וכן במג\"ה", {"tmpl_name": "ש"}, "מ\"ק-א=<ל' מל'>"]	
89.48	נוסח	עַל־מַה־שָּׁ֝֗וְא	"א=עַל־מַה־שָּׁ֝וְא (השמטת נקודת הרביע)"	
90.1	נוסח	{'tmpl_name': 'ר3'}	"פרשה פתוחה"	
90.8	נוסח	{'tmpl_name': 'מ:קו״כ-אם-2', 'tmpl_params': {'1': 'שַׁתָּ֣', '2': 'שת', '3': 'שַׁתָּ֣ה', 'מקורות': 'א-קרי,ל-קרי'}}	["=קורן (לשיטתם ושיטתנו)", {"tmpl_name": "ש"}, "א-קרי,ל-קרי=שַׁתָּ֣ה וכן בדפוסים (וכן הכריע ברויאר!)"]	
90.10	נוסח	חִ֝֗ישׁ	"א=חִ֝ישׁ (השמטת נקודת הרביע)"	
90.17	נוסח	כּוֹנְﬞנָ֥ה	"א=כּוֹנֲנָ֥ה (חטף)"	
90.17	נוסח	כּוֹנְﬞנֵֽהוּ	"א=כּוֹנֲנֵֽהוּ (חטף)"	
92.2	נוסח	{'tmpl_name': 'ר4'}	"פרשה פתוחה"	
92.8	נוסח	כְּמ֥וֹ־עֵ֗שֶׂב	["=א (מקף בתיבת משרת) וכך במג\"ה; המקף ברור למרות שהדף מטושטש. על מקף זה ראו ברויאר, טעמי המקרא, יא.32 (עמ' 280) ושם בהערה 17: \"ומקף זה איננו מובן.\"", {"tmpl_name": "ש"}, "ל,ש1,ק13,ל-א=<כְּמ֥וֹ עֵ֗שֶׂב> (אין מקף), וכך אצל דותן וברויאר וכמו כן בדפוסים וקורן."]	
94.9	נוסח	עַ֝֗יִן	"א=עַ֝יִן (השמטת נקודת הרביע)"	
94.10	נוסח	הַֽמְﬞלַמֵּ֖ד	"א=הַֽמֲלַמֵּ֖ד (חטף)"	
94.12	נוסח	יָּ֑הּ	["=ל,ש1 (יו\"ד דגושה) ומסורת-ל וטברניות ומ\"ש (וכך הכריעו ברויאר ומג\"ה)", {"tmpl_name": "ש"}, "א=יָ֑הּ (אין דגש באות יו\"ד)"]	
94.16	נוסח	לִ֝֗י	"א=לִ֝י (השמטת נקודת הרביע)"	
96.2	נוסח	בָּרְﬞכ֣וּ	"א=בָּרֲכ֣וּ (חטף)"	
96.4	נוסח	ה֝֗וּא	"א=ה֝וּא (השמטת נקודת הרביע)"	
96.10	נוסח	יְ֘הֹוָ֤ה	"=א (מקום הצינורית בשם הוי\"ה כדרכו)"	
97.7	נוסח	הַמִּֽתְהַלְﬞלִ֥ים	"א=הַמִּֽתְהַלֲלִ֥ים (חטף)"	
97.7	נוסח	הִשְׁתַּחֲווּ־ל֝֗וֹ	"א=הִשְׁתַּחֲווּ־ל֝וֹ (השמטת נקודת הרביע)"	
98.1	נוסח	{'tmpl_name': 'ר1'}	"אין רווח של פרשה לאחר הכותרת"	
98.3	נוסח	אֵ֝֗ת	"א=אֵ֝ת (השמטת נקודת הרביע)"	
98.7	נוסח	וְיֹ֣שְׁבֵי	["=ל", {"tmpl_name": "ש"}, "א!=וְיֹ֣שְׁבֵיּ (נקודה באות יו\"ד האחרונה)"]	
98.8	נוסח	יַ֝֗חַד	"א=יַ֝חַד (השמטת נקודת הרביע)"	
98.8	נוסח	יְרַנֵּֽנוּ	["=ל", {"tmpl_name": "ש"}, "א!=יְרַנֵּנֽוּ (מקום הסילוק)"]	
99.1	נוסח	{'tmpl_name': 'ר1'}	"פרשה סתומה"	
99.2	נוסח	ה֝֗וּא	"א=ה֝וּא (השמטת נקודת הרביע)"	
99.5	נוסח	רוֹמְﬞמ֡וּ	"א=רוֹמֲמ֡וּ (חטף)"	
99.5	נוסח	יְ֘הֹוָ֤ה	"=א (מקום הצינורית כדרכו בשם הוי\"ה)"	
99.5	נוסח	{'tmpl_name': 'מ:דחי', 'tmpl_params': {'1': 'וְֽ֭הִשְׁתַּחֲווּ', '2': 'וְֽ֭הִשְׁתַּחֲו֭וּ'}}	["=ל,ש1 ובדפוסים", {"tmpl_name": "ש"}, "א=וְֽ֭הִשְׁתַּחֲוּוּ (נקודה בוי\"ו עיצורית)"]	
99.9	נוסח	רוֹמְﬞמ֡וּ	"א=רוֹמֲמ֡וּ (חטף)"	
99.9	נוסח	יְ֘הֹוָ֤ה	"=א (מקום הצינורית כדרכו בשם הוי\"ה)"	
100.1	נוסח	{'tmpl_name': 'ר1'}	"פרשה סתומה"	
100.4	נוסח	הוֹדוּ־ל֝֗וֹ	"א=הוֹדוּ־ל֝וֹ (השמטת נקודת הרביע)"	
100.4	נוסח	בָּרְﬞכ֥וּ	"א,ל=בָּרֲכ֥וּ (חטף)"	
101.1	נוסח	{'tmpl_name': 'ר1'}	"פרשה סתומה"	
101.4	נוסח	רָ֝֗ע	"א=רָ֝ע (השמטת נקודת הרביע)"	
101.6	נוסח	ה֝֗וּא	"א=ה֝וּא (השמטת נקודת הרביע)"	
103.1	נוסח	['לְדָוִ֨ד', {'tmpl_name': 'מ:לגרמיה-2'}]	"אין רווח של פרשה לאחר הכותרת"	
103.1	נוסח	בָּרְﬞכִ֣י	"א=בָּרֲכִ֣י (חטף)"	
103.2	נוסח	בָּרְﬞכִ֣י	"א=בָּרֲכִ֣י (חטף)"	
103.20	נוסח	בָּרְﬞכ֥וּ	"א=בָּרֲכ֥וּ (חטף)"	
103.21	נוסח	בָּרְﬞכ֣וּ	"א=בָּרֲכ֣וּ (חטף)"	
103.22	נוסח	בָּרְﬞכ֤וּ	"א=בָּרֲכ֤וּ (חטף)"	
103.22	נוסח	בָּרְﬞכִ֥י	"א=בָּרֲכִ֥י (חטף)"	
104.1	נוסח	בָּרְﬞכִ֥י	"א=בָּרֲכִ֥י (חטף)"	
104.1	נוסח	אֶת־יְ֫הֹוָ֥ה	"=א (מקום ה\"עולה\" כדרכו לאחר תיקון בכתב־היד)"	
104.3	נוסח	הַ֥מְﬞקָרֶ֥ה	"א=הַ֥מֲקָרֶ֥ה (חטף)"	
104.3	נוסח	הַֽ֝מְﬞהַלֵּ֗ךְ	"א=הַֽ֝מֲהַלֵּ֗ךְ (חטף)"	
104.10	נוסח	הַֽמְﬞשַׁלֵּ֣חַ	"א=הַֽמֲשַׁלֵּ֣חַ (חטף)"	
104.14	נוסח	לֶ֝֗חֶם	"א=לֶ֝חֶם (השמטת נקודת הרביע)"	
104.18	נוסח	לַֽשְׁﬞפַנִּֽים	"א=לַֽשֲׁפַנִּֽים (חטף)"	
104.20	נוסח	תָּֽשֶׁת־חֹ֭שֶׁךְ	"=א,ל,ש1 וכמו כן בדפוסים וקורן. אמנם בכתי\"א הקו של הדחי ממוקם באופן קצת חריג באמצע האות חי\"ת."	
104.35	נוסח	בָּרְﬞכִ֣י	"א=בָּרֲכִ֣י (חטף)"	
104.35	נוסח	הַֽלְﬞלוּ־יָֽהּ	"א=הַֽלֲלוּ־יָֽהּ (חטף)"	
105.2	נוסח	שִׂ֝֗יחוּ	"=א (נקודת הרביע מסומנת בכתב־היד)"	
105.3	נוסח	{'tmpl_name': 'מ:דחי', 'tmpl_params': {'1': 'הִֽ֭תְהַלְﬞלוּ', '2': 'הִֽ֭תְהַלְﬞל֭וּ'}}	"א=הִֽ֭תְהַלֲלוּ (חטף)"	
105.11	נוסח	חֶ֝֗בֶל	"א=חֶ֝בֶל (השמטת נקודת הרביע)"	
105.45	נוסח	הַֽלְﬞלוּ־יָֽהּ	"א=הַֽלֲלוּ־יָֽהּ (חטף)"	
106.1	נוסח	['הַ֥לְﬞלוּ', {'tmpl_name': 'מ:מקף אפור'}, 'יָ֨הּ', {'tmpl_name': 'מ:לגרמיה-2'}]	["א=<הַ֥לֲלוּ יָ֨הּ", {"tmpl_name": "מ:לגרמיה-2"}, "> (חטף)"]	
106.1	נוסח	{'tmpl_name': 'ר3'}	"פרשה פתוחה"	
106.14	נוסח	וַיְנַסּוּ־אֵ֝֗ל	"א=וַיְנַסּוּ־אֵ֝ל (השמטת נקודת הרביע)"	
106.19	נוסח	וַ֝יִּשְׁתַּחֲו֗וּ	["=ל,ש1 ובדפוסים (וכך אצל ברויאר)", {"tmpl_name": "ש"}, "א=וַ֝יִּשְׁתַּחֲוּ֗וּ (נקודה בוי\"ו עיצורית)"]	
106.20	נוסח	שׁ֝֗וֹר	"א=שׁ֝וֹר (השמטת נקודת הרביע)"	
106.29	נוסח	וַתִּפְרׇץ־בָּ֝֗ם	"א=וַתִּפְרׇץ־בָּ֝ם (השמטת נקודת הרביע)"	
106.43	נוסח	וַ֝יָּמֹ֗כּוּ	["=ל ובדפוסים (וכן הכריעו ברויאר ומג\"ה)", {"tmpl_name": "ש"}, "א!=וַ֝יָּמֹכּוּ (חסרה נקודת הרביע)"]	
106.47	נוסח	יְ֘הֹוָ֤ה	"=א (מקום הצינורית כדרכו בשם הוי\"ה)"	
106.48	נוסח	['מִן־הָ֤עוֹלָ֨ם', {'tmpl_name': 'מ:לגרמיה-2'}]	["=ל וכך הכריעו ברויאר ומג\"ה, וכמו כן בדפוסים וקורן", {"tmpl_name": "ש"}, "א!=<מִן הָ֤עוֹלָ֨ם", {"tmpl_name": "מ:לגרמיה-2"}, "> (חסר מקף)"]	
107.5	נוסח	תִּתְעַטָּֽף	["=ל,ש1 ובדפוסים", {"tmpl_name": "ש"}, "א!=תִתְעַטָּֽף (חסר דגש באות תי\"ו הראשונה, וסימן הרפה תלוי בין שתי אותיות התי\"ו)"]	
107.17	נוסח	יִתְעַנּֽוּ	["=ל,ש1 וכמו כן בדפוסים וקורן", {"tmpl_name": "ש"}, "א?!=יִתְעַנּֽו׃ (חסרה נקודת השורוק באות וי\"ו?)"]	
107.18	נוסח	עַד־שַׁ֥עֲרֵי	["=ל וכך הכריעו ברויאר ומג\"ה, וכמו כן בדפוסים וקורן", {"tmpl_name": "ש"}, "א!,ש1=עַד שַׁ֥עֲרֵי (חסר מקף)", {"tmpl_name": "ש"}, "ברויאר ציין מקף בתיבת משרת אחרי \"שערי\" אבל לא כך מופיע בכתב־היד."]	
107.33	נוסח	מַ֝֗יִם	"א=מַ֝יִם (השמטת נקודת הרביע)"	
107.36	נוסח	וַ֝יְכוֹנְﬞנ֗וּ	"א=וַ֝יְכוֹנֲנ֗וּ (חטף)"	
107.38	נוסח	וַיְבָרְﬞכֵ֣ם	"א=וַיְבָרֲכֵ֣ם (חטף)"	
107.43	נוסח	וְ֝יִתְבּוֹנְﬞנ֗וּ	"א=וְ֝יִתְבּוֹנֲנ֗וּ (חטף)"	
108.2	נוסח	{'tmpl_name': 'ר1'}	"פרשה סתומה בסוף כותרת של פסוק שלם (!)"	
108.3	נוסח	{'tmpl_name': 'מ:דחי', 'tmpl_params': {'1': 'ע֭וּרָֽה', '2': 'ע֭וּרָ֭ה'}}	["=א?,ל (קו של דחי וקו של געיה להורות על מקום הטעם), וכך במהדורותיו הראשונות של ברויאר (מוסד הרב קוק וחורב) ובמג\"ה, וכמו כן בדפוסים וקורן וסימנים. והשוו לפסוק המקביל בתהלים נז,ט (שם הקווים לדחי ולגעיה פחות ברורים).", {"tmpl_name": "ש"}, "א?=ע֖וּרָ֥ה (טרחא ומרכא?); וראו ברויאר, טעמי המקרא, יא.43 עמ' 285 על טרחא ומרכא כשני המשרתים הסמוכים לרביע. וכך נדפס אצל ברויאר בכתר ירושלים וכמו כן במכון ממרא."]	
108.7	נוסח	וַעֲנֵֽנִי	["=ל,ש1 וכמו כן בדפוסים וקורן", {"tmpl_name": "ש"}, "א!=וַעֲנֵֽניִ (יש הזזה שמאלה של נקודת החיריק באופן חריג, עד שהיא ממוקמת מתחת לאות יו\"ד."]	
108.9	נוסח	מְחֹקְﬞקִֽי	"א=מְחֹקֲקִֽי (חטף)"	
108.11	נוסח	{'tmpl_name': 'מ:דחי', 'tmpl_params': {'1': 'יֹ֭בִלֵנִי', '2': 'יֹ֭בִלֵ֭נִי'}}	["=א?,ל,ש1 ובדפוסים (וכן הכריעו ברויאר ומג\"ה)", {"tmpl_name": "ש"}, "לפי ברויאר א=יֹ֭בִלֵנִּי (נו\"ן דגושה) אבל לא כך נראה בכתב־היד בהגדלה (אמנם המקום קצת מטושטש). יש גם לציין הזזה שמאלה באופן חריג של נקודת החיריק תחת האות נו\"ן, אך זה נגרם בגלל הראש של הלמ\"ד מהשורה למטה."]	
109.1	נוסח	{'tmpl_name': 'ר3'}	"פרשה פתוחה"	
109.16	נוסח	חָ֥֫סֶד	["=דפוסים", {"tmpl_name": "ש"}, "א=חָ֥סֶד (השמטת סימן העולה)"]	
109.20	נוסח	רָ֝֗ע	"א=רָ֝ע (השמטת נקודת הרביע)"	
109.21	נוסח	יֱ֘הֹוִ֤ה	"=א (מקום הצינורית כדרכו בשם הוי\"ה <יְ֘הֹוִ֤ה>)"	
109.28	נוסח	{'tmpl_name': 'מ:צינור', 'tmpl_params': {'1': 'יְקַֽלְﬞלוּ־הֵמָּה֮', '2': 'יְקַֽלְﬞלוּ־הֵ֮מָּה֮'}}	"א=יְקַֽלֲלוּ־הֵמָּה֮ (חטף)"	
109.30	נוסח	אֲהַלְﬞלֶֽנּוּ	"א=אֲהַלֲלֶֽנּוּ (חטף)"	
110.1	נוסח	{'tmpl_name': 'ר3'}	"פרשה פתוחה"	
110.5	נוסח	אֲדֹנָ֥י	"=א (נקודת חולם בכתב־היד)"	
110.6	נוסח	רֹ֝֗אשׁ	"א=רֹ֝אשׁ (השמטת נקודת הרביע)"	
110.7	נוסח	עַל־כֵּ֝֗ן	"א=עַל־כֵּ֝ן (השמטת נקודת הרביע)"	
111.1	נוסח	['הַ֥לְﬞלוּ', {'tmpl_name': 'מ:מקף אפור'}, 'יָ֨הּ', {'tmpl_name': 'מ:לגרמיה-2'}]	["א=<הַ֥לֲלוּ יָ֨הּ", {"tmpl_name": "מ:לגרמיה-2"}, "> (חטף)"]	
111.1	נוסח	{'tmpl_name': 'ר3'}	"פרשה פתוחה"	
112.1	נוסח	['הַ֥לְﬞלוּ', {'tmpl_name': 'מ:מקף אפור'}, 'יָ֨הּ', {'tmpl_name': 'מ:לגרמיה-2'}]	["א=<הַ֥לֲלוּ יָ֨הּ", {"tmpl_name": "מ:לגרמיה-2"}, "> (חטף)"]	
112.1	נוסח	{'tmpl_name': 'ר3'}	"פרשה פתוחה"	
113.1	נוסח	['הַ֥לְﬞלוּ', {'tmpl_name': 'מ:מקף אפור'}, 'יָ֨הּ', {'tmpl_name': 'מ:לגרמיה-2'}]	["א=<הַ֥לֲלוּ יָ֨הּ", {"tmpl_name": "מ:לגרמיה-2"}, "> (חטף)"]	
113.1	נוסח	{'tmpl_name': 'ר3'}	"פרשה פתוחה"	
113.1	נוסח	{'tmpl_name': 'מ:דחי', 'tmpl_params': {'1': 'הַ֭לְﬞלוּ', '2': 'הַ֭לְﬞל֭וּ'}}	"א=הַ֭לֲלוּ (חטף)"	
113.1	נוסח	הַֽ֝לְﬞל֗וּ	"א=הַֽ֝לֲל֗וּ (חטף)"	
113.8	נוסח	עִ֝֗ם	"א=עִ֝ם (השמטת נקודת הרביע)"	
113.9	נוסח	הַֽלְﬞלוּ־יָֽהּ	"א=הַֽלֲלוּ־יָֽהּ (חטף)"	
115.1	נוסח	{'tmpl_name': 'מ:אין פרשה בתחילת פרק בספרי אמ״ת'}	"אין כאן שורה ריקה בכתבי־היד כדי לציין את תחילתו של מזמור חדש. זהו המקרה היחיד בכל ספר תהלים של מספר פרק חדש אך ללא חלוקה מקבילה בכתבי־היד."	
115.1	נוסח	לֹ֫א־לָ֥נוּ	["=א (מקף בין תיבות של עולה ויורד)", {"tmpl_name": "ש"}, "דפוסים=לֹ֫א לָ֥נוּ"]	
115.2	נוסח	אַיֵּה־נָ֝֗א	"א=אַיֵּה־נָ֝א (השמטת נקודת הרביע)"	
115.18	נוסח	הַֽלְﬞלוּ־יָֽהּ	"א=הַֽלֲלוּ־יָֽהּ (חטף)"	
116.14	נוסח	נֶגְדָה־נָּ֝֗א	"א=נֶגְדָה־נָּ֝א (השמטת נקודת הרביע)"	
116.18	נוסח	נֶגְדָה־נָּ֝֗א	"א=נֶגְדָה־נָּ֝א (השמטת נקודת הרביע)"	
118.10	נוסח	בְּשֵׁ֥ם	["=ל ובדפוסים", {"tmpl_name": "ש"}, "א!=בְּ֭שֵׁ֥ם (קו מיותר של דחי באות בי\"ת); הדחי החריג ברור בצילום הכתר. במהדורות ברויאר ומג\"ה הורידו אותו."]	
118.14	נוסח	וַֽיְהִי־לִ֝֗י	"א=וַֽיְהִי־לִ֝י (השמטת נקודת הרביע)"	
118.19	נוסח	אָבֹא־בָ֝֗ם	"א=אָבֹא־בָ֝ם (השמטת נקודת הרביע)"	
118.21	נוסח	וַתְּהִי־לִ֝֗י	"א=וַתְּהִי־לִ֝י (השמטת נקודת הרביע)"	
118.25	נוסח	הוֹשִׁ֘יעָ֥ה	["=א,ל ומסורה (צינורית באות שי\"ן וטרחא באות עי\"ן); הטרחא מורה על הטעמה מלרע, כמו בסוף הפסוק \"הַצְלִ֘יחָ֥ה\". הצינורית היא טעם משני, שאינו מסמן את ההברה המוטעמת. כך ההטעמה אצל דותן וברויאר ומג\"ה, וכמו כן במ\"ג דפוס ונציה ובמסורה שבו ובגינצבורג (שהעיר על הטעמות אחרות).", {"tmpl_name": "ש"}, "קורן=הוֹשִׁ֣יעָה (במונח מלעיל), וכמו כן בכמה דפוסים כגון ליסר, במבורגר-הילסהיימר-להמן, ובער. לטריס ומ\"ג דפוס וורשה=ה֘וֹשִׁ֥יעָה, וכמו כן בהערה אצל ליסר. לפי מסקנת מ\"ש \"הוֹשִׁיעָה\" מלעיל, וכמה סידורים חשובים מדייקים לציין את הטעם מלעיל (בניגוד ל\"הַצְלִיחָה\"), כגון היידנהיים ובער."]	
118.28	נוסח	אֲרוֹמְﬞמֶֽךָּ	"א=אֲרוֹמֲמֶֽךָּ (חטף)"	
119.13	נוסח	כֹּ֝֗ל	"א=כֹּ֝ל (השמטת נקודת הרביע)"	
119.14	נוסח	שַּׂ֗שְׂתִּי	"=א?,ל,ש1,ב1 (שי\"ן דגושה?); הדגש מטושטש בכתר. כך אצל ברויאר ומג\"ה ומ\"מ וסימנים; מ\"ג=שַׂ֗שְׂתִּי (אין דגש בשי\"ן)."	
119.49	נוסח	עַ֝֗ל	"א=עַ֝ל (השמטת נקודת הרביע)"	
119.62	נוסח	עַ֝֗ל	"א=עַ֝ל (השמטת נקודת הרביע)"	
119.90	נוסח	אֶ֝֗רֶץ	"א=אֶ֝רֶץ (השמטת נקודת הרביע)"	
119.92	נוסח	אָ֝֗ז	"א=אָ֝ז (השמטת נקודת הרביע)"	
119.93	נוסח	בָ֝֗ם	"א=בָ֝ם (השמטת נקודת הרביע)"	
119.104	נוסח	עַל־כֵּ֝֗ן	"א=עַל־כֵּ֝ן (השמטת נקודת הרביע)"	
119.115	נוסח	וְ֝אֶצְּﬞרָ֗ה	"א=וְ֝אֶצֲּרָ֗ה (חטף)"	
119.118	נוסח	כִּי־שֶׁ֝֗קֶר	"א=כִּי־שֶׁ֝קֶר (השמטת נקודת הרביע)"	
119.129	נוסח	עַל־כֵּ֝֗ן	"א=עַל־כֵּ֝ן (השמטת נקודת הרביע)"	
119.136	נוסח	עַ֝֗ל	"א=עַ֝ל (השמטת נקודת הרביע)"	
119.138	נוסח	וֶאֱמוּנָ֥ה	["=ל,ש1 ובדפוסים (וכן הכריעו ברויאר ומג\"ה)", {"tmpl_name": "ש"}, "א!=וֶאֱמוּנָ֥֗ה (נקודת רביע מיותרת באות נו\"ן בנוסף למרכא)"]	
119.175	נוסח	וּֽתְהַלְﬞלֶ֑ךָּ	"א=וּֽתְהַלֲלֶ֑ךָּ (חטף)"	
120.1	נוסח	{'tmpl_name': 'ר3'}	"פרשה פתוחה"	
120.4	נוסח	עִ֝֗ם	"א=עִ֝ם (השמטת נקודת הרביע)"	
120.6	נוסח	עִ֝֗ם	"א=עִ֝ם (השמטת נקודת הרביע)"	
120.7	נוסח	הֵ֝֗מָּה	"א=הֵ֝מָּה (השמטת נקודת הרביע)"	
121.1	נוסח	{'tmpl_name': 'ר3'}	"פרשה פתוחה"	
122.1	נוסח	{'tmpl_name': 'ר3'}	"פרשה פתוחה"	
123.1	נוסח	{'tmpl_name': 'ר3'}	"פרשה פתוחה"	
123.2	נוסח	עַ֝֗ד	"א=עַ֝ד (השמטת נקודת הרביע)"	
123.3	נוסח	כִּי־רַ֝֗ב	"א=כִּי־רַ֝ב (השמטת נקודת הרביע)"	
124.1	נוסח	{'tmpl_name': 'ר3'}	"פרשה פתוחה"	
124.1	נוסח	יֹאמַר־נָ֝֗א	"א=יֹאמַר־נָ֝א (השמטת נקודת הרביע)"	
124.4	נוסח	נַ֝֗חְלָה	"א=נַ֝חְלָה (השמטת נקודת הרביע)"	
124.6	נוסח	שֶׁלֹּ֥א	["=א?,ל,ש1 (טעם מרכא) וכן בדפוסים, וכך הכריעו ברויאר ומג\"ה", {"tmpl_name": "ש"}, "א?=שֶׁלֹּ֖א? (טעם טרחא) וכך בקורן; הקו ישר ואולי יכול להיות טרחא ולא מרכא."]	
124.6	נוסח	טֶ֝֗רֶף	"א=טֶ֝רֶף (השמטת נקודת הרביע)"	
125.1	נוסח	{'tmpl_name': 'ר3'}	"פרשה פתוחה"	
125.2	נוסח	לָ֥֫הּ	"א=לָ֥הּ (השמטת סימן העולה)"	
126.1	נוסח	{'tmpl_name': 'ר3'}	"פרשה פתוחה"	
127.1	נוסח	{'tmpl_name': 'ר3'}	"פרשה פתוחה"	
127.1	נוסח	לֹא־יִשְׁמׇר־עִ֝֗יר	"א=לֹא־יִשְׁמׇר־עִ֝יר (השמטת נקודת הרביע)"	
127.2	נוסח	לָכֶ֨ם	["=א,ק-מ (אין קו של לגרמיה)", {"tmpl_name": "ש"}, "ל,דפוסים=<לָכֶ֨ם", {"tmpl_name": "מ:לגרמיה-2"}, "> בקו של לגרמיה (וכן בקורן וסימנים)", {"tmpl_name": "ש"}, "ש1=לָכֶ֥ם (טעם מרכא ובלי קו)"]	
127.2	נוסח	מַשְׁכִּ֪ימֵֽי	"ממ=מַשְׁכִּ֪ימֵי (אין געיה)"	
127.4	נוסח	כֵּ֝֗ן	"א=כֵּ֝ן (השמטת נקודת הרביע)"	
128.1	נוסח	{'tmpl_name': 'ר3'}	"פרשה פתוחה"	
128.5	נוסח	כֹּ֝֗ל	"א=כֹּ֝ל (השמטת נקודת הרביע)"	
129.1	נוסח	{'tmpl_name': 'ר3'}	"פרשה פתוחה"	
129.1	נוסח	יֹאמַר־נָ֝֗א	"א=יֹאמַר־נָ֝א (השמטת נקודת הרביע)"	
129.2	נוסח	גַּ֝֗ם	"א=גַּ֝ם (השמטת נקודת הרביע)"	
129.5	נוסח	כֹּ֝֗ל	"א=כֹּ֝ל (השמטת נקודת הרביע)"	
130.1	נוסח	{'tmpl_name': 'ר3'}	"פרשה פתוחה"	
130.7	נוסח	אֶל־יְ֫הֹוָ֥ה	"=א (מקום ה\"עולה\" כמנהגו)"	
131.1	נוסח	{'tmpl_name': 'ר3'}	"פרשה פתוחה"	
132.1	נוסח	{'tmpl_name': 'ר3'}	"פרשה פתוחה"	
132.1	נוסח	אֵ֝֗ת	"א=אֵ֝ת (השמטת נקודת הרביע)"	
132.11	נוסח	אֱמֶת֮	"טעם הצינור מורה שתיבת \"אֱמֶת֮\" מחוברת אל \"נִשְׁבַּע־יְהֹוָה לְדָוִד\". אך ב\"דעת מקרא\" העיר: \"'אמת' נמשכת לצלע השניה על פי המקצב ועל פי הטעמים. והמשורר אומר את הדברים בשלילה הבאה אחרי חיוב לחזק את הדבר. וטעה מי שפירש, ש'אמת' נמשך למעלה ושיעורו: נשבע ה' לדוד באמת. אבל אפשר לפרש 'אמת' בקריאה: אמת הדבר כי לא ישוב ה' בשבועתו.\" וכך גם בתהלים המפוסק של מיכאל פרלמן, ולא מצאנו דרך ליישב את הדברים."	
132.17	נוסח	נֵ֝֗ר	"א=נֵ֝ר (השמטת נקודת הרביע)"	
133.1	נוסח	{'tmpl_name': 'ר3'}	"פרשה פתוחה"	
134.1	נוסח	{'tmpl_name': 'ר3'}	"פרשה פתוחה"	
134.1	נוסח	בָּרְﬞכ֣וּ	"א=בָּרֲכ֣וּ (חטף)"	
134.2	נוסח	וּ֝בָרְﬞכ֗וּ	"א=וּ֝בָרֲכ֗וּ (חטף)"	
135.1	נוסח	['הַ֥לְﬞלוּ', {'tmpl_name': 'מ:מקף אפור'}, 'יָ֨הּ', {'tmpl_name': 'מ:לגרמיה-2'}]	["א=<הַ֥לֲלוּ יָ֨הּ", {"tmpl_name": "מ:לגרמיה-2"}, "> (חטף)"]	
135.1	נוסח	{'tmpl_name': 'ר3'}	"פרשה פתוחה"	
135.1	נוסח	{'tmpl_name': 'מ:דחי', 'tmpl_params': {'1': 'הַֽ֭לְﬞלוּ', '2': 'הַֽ֭לְﬞל֭וּ'}}	"א=הַֽ֭לֲלוּ (חטף)"	
135.1	נוסח	הַֽ֝לְﬞל֗וּ	"א=הַֽ֝לֲל֗וּ (חטף)"	
135.3	נוסח	הַֽלְﬞלוּ־יָ֭הּ	"א=הַֽלֲלוּ־יָ֭הּ (חטף)"	
135.7	נוסח	מֽוֹצֵא־ר֝֗וּחַ	"א=מֽוֹצֵא־ר֝וּחַ (השמטת נקודת הרביע)"	
135.17	נוסח	אַ֝֗ף	"א=אַ֝ף (השמטת נקודת הרביע)"	
135.19	נוסח	בָּרְﬞכ֣וּ	"א=בָּרֲכ֣וּ (חטף)"	
135.19	נוסח	בָּרְﬞכ֥וּ	"א=בָּרֲכ֥וּ (חטף)"	
135.20	נוסח	בָּרְﬞכ֣וּ	"א=בָּרֲכ֣וּ (חטף)"	
135.20	נוסח	בָּרְﬞכ֥וּ	"א=בָּרֲכ֥וּ (חטף)"	
135.21	נוסח	הַֽלְﬞלוּ־יָֽהּ	"א=הַֽלֲלוּ־יָֽהּ (חטף)"	
137.3	נוסח	לָ֝֗נוּ	"א=לָ֝נוּ (השמטת נקודת הרביע)"	
137.4	נוסח	עַ֝֗ל	"א=עַ֝ל (השמטת נקודת הרביע)"	
137.6	נוסח	עַ֝֗ל	"א=עַ֝ל (השמטת נקודת הרביע)"	
137.7	נוסח	יְֽר֫וּשָׁלָ֥͏ִם	"א!=יְֽרוּשָׁ֫לָ֥͏ִם (בניגוד לדרכו ה\"עולה\" אינו מסומן בהברה הראויה לגעיה)"	
137.7	נוסח	{'tmpl_name': 'מ:פסק'}	["ראו ב", {"tmpl_name": "מ:קישור בהערה", "tmpl_params": {"1": "https://archive.org/details/Ginsburg_The-Massorah-Compiled-from-Manuscripts_1880-1905/page/n654/mode/1up", "2": "רשימת הפסק של גינצבורג"}}, ". בסימנים קבעו שהוא קו של לגרמיה."]	
137.7	נוסח	עַ֝֗ד	"א=עַ֝ד (השמטת נקודת הרביע)"	
138.1	נוסח	['לְדָוִ֨ד', {'tmpl_name': 'מ:לגרמיה-2'}]	"אין רווח של פרשה לאחר הכותרת"	
138.2	נוסח	וְא֘וֹדֶ֤ה	"=א (לאחר תיקון). לפני התיקון היה כתוב וְ֘אוֹדֶ֤ה (הצינורית באות וי\"ו שלא כדרכו של הכתר), וכנראה שהמשקל הדומה לשם הוי\"ה (א*=יְ֘הוָ֤ה) הטעה את המסרן בהתחלה. והשוו לעיל פט,ו (א!=וְ֘יוֹד֤וּ)."	
138.3	נוסח	{'tmpl_name': 'מ:דחי', 'tmpl_params': {'1': 'קָ֭רָֽאתִי', '2': 'קָ֭רָ֭אתִי'}}	["=א?,ל (דחי וקו של געיה להורות על מקום הטעם) וכך במג\"ה", {"tmpl_name": "ש"}, "א?=קָ֭רָ֥אתִי (דחי ומרכא?) וכך אצל ברויאר"]	
138.8	נוסח	בַּ֫עֲדִ֥י	"=א,ל ובדפוסים (העולה בהברה הראויה לגעיה קלה)"	
139.1	נוסח	{'tmpl_name': 'ר3'}	"פרשה פתוחה"	
139.1	נוסח	יְהֹוָ֥ה חֲ֝קַרְתַּ֗נִי וַתֵּדָֽע׃	"כל הצלע הקצר נכתב ביחד בכתבי־היד (כתי\"א וכתי\"ל) באופן טבעי, ואין ראוי לחלק אותו רק כדי לשמור על מספר חלקים זוגי, בניגוד למה שעשו במהדורות ברויאר ומג\"ה. במקרה זה והדומים לו (כגון מזמור קמ\"ב) ניתן לומר שמהדורת \"סימנים\" הולמת את מנהג כתבי־היד באופן הרבה יותר מובהק מאשר ברויאר ומג\"ה."	
139.7	נוסח	{'tmpl_name': 'מ:דחי', 'tmpl_params': {'1': 'אָ֭נָֽה', '2': 'אָ֭נָ֭ה'}}	["=א?,ל?,ק-מ? (דחי וקו של געיה להורות על מקום הטעם), וכך במהדורתו הראשונה של ברויאר (מוסד הרב קוק) ובמג\"ה, וכמו כן בדפוסים וקורן וסימנים. הקו די ישר בכתר ובכי\"ל, אך נטוי באופן ניכר בכתי\"ק-מ. בכתי\"ש1 אין קו בכלל באות נו\"ן (אָ֭נָה), עובדה שמצביעה על געיה ולא מרכא.", {"tmpl_name": "ש"}, "א?,ל?,ק-מ?=אָ֭נָ֥ה (דחי ומרכא?); במהדורותיו האחרונות של ברויאר (חורב וכתר ירושלים) נדפסה התיבה במרכא וכן במכון ממרא."]	
139.21	נוסח	וּ֝בִתְקוֹמְﬞמֶ֗יךָ	"א=וּ֝בִתְקוֹמֲמֶ֗יךָ (חטף)"	
140.2	נוסח	{'tmpl_name': 'ר4'}	"פרשה פתוחה"	
140.3	נוסח	כׇּל־י֝֗וֹם	"א=כׇּל־י֝וֹם (השמטת נקודת הרביע)"	
140.4	נוסח	שָׁ֥נְﬞנ֣וּ	["א=שָׁ֥נֲנ֣וּ (חטף)", {"tmpl_name": "ש"}, "ממ=שָֽׁנְנ֣וּ (געיה במקום מרכא)"]	
140.4	נוסח	כְּֽמוֹ־נָ֫חָ֥שׁ	["=א ובקורן", {"tmpl_name": "ש"}, "בכתר סימן העולה מימין הנו\"ן למעלה (בתחילת השורה), אולי כדי שלא להתנגש בסימן הקמץ מהשורה מלמעלה, ואולי בגלל מחיקה של אות שהייתה למטה ממנו."]	
140.6	נוסח	['טָ֥מְנֽוּ־גֵאִ֨ים', {'tmpl_name': 'מ:לגרמיה-2'}]	["=א,ל (תיבה מוקפת של מרכא כטעם משני) וכן במג\"ה", {"tmpl_name": "ש"}, "ש1=<טָ֥מְנֽוּ גֵאִ֨ים", {"tmpl_name": "מ:לגרמיה-2"}, "> (אין מקף) וכן אצל ברויאר (ובעקבותיו במכון ממרא וסימנים)", {"tmpl_name": "ש"}, "קורן=<טָֽמְנֽוּ־גֵאִ֨ים", {"tmpl_name": "מ:לגרמיה-2"}, "> (געיות בתיבה המוקפת)"]	
141.1	נוסח	{'tmpl_name': 'ר3'}	"פרשה פתוחה"	
141.4	נוסח	{'tmpl_name': 'ר1'}	"החלק השני של הפסוק קצר מאוד אחרי האתנחתא (\"פֹּעֲלֵי־אָ֑וֶן\"), ולפי הדירוג של הטעמים המפסיקים יש לפסק אחרי רביע מוגרש (\"וּבַל־אֶ֝לְחַ֗ם\") במקום לפסק כאן (וכך עשה ברויאר); אך הפיסוק במקום הזה מתאים יותר לתחביר של הפסוק (וכך עשו במג\"ה)."	
142.1	נוסח	{'tmpl_name': 'ר3'}	"פרשה פתוחה"	
142.1	נוסח	בִּֽהְיוֹת֖וֹ בַמְּעָרָ֣ה תְפִלָּֽה׃	"לגבי חלוקת הפסוק ראו בהערת הנוסח בתחילת מזמור קל\"ט."	
142.6	נוסח	יְ֫הֹוָ֥ה	"=א (מקום ה\"עולה\" כדרכו בשם הוי\"ה)"	
143.1	נוסח	{'tmpl_name': 'ר3'}	"פרשה פתוחה"	
143.12	נוסח	כׇּל־צֹרְﬞרֵ֣י	"א=כׇּל־צֹרֲרֵ֣י (חטף)"	
143.12	נוסח	כִּ֝֗י	"א=כִּ֝י (השמטת נקודת הרביע)"	
144.1	נוסח	['לְדָוִ֨ד', {'tmpl_name': 'מ:לגרמיה-2'}]	"אין רווח של פרשה לאחר הכותרת"	
144.1	נוסח	הַֽמְﬞלַמֵּ֣ד	"א=הַֽמֲלַמֵּ֣ד (חטף)"	
144.7	נוסח	מִ֫מָּר֥וֹם	"א=מִמָּ֫ר֥וֹם (בניגוד לדרכו ה\"עולה\" אינו מסומן בהברה הראויה לגעיה)"	
144.15	נוסח	שֱׁיְהֹוָ֥ה	["=א,ש1 (חטף סגול באות שי\"ן ושווא באות יו\"ד) וכן אצל ברויאר ומג\"ה ומכון ממרא", {"tmpl_name": "ש"}, "ל!=שֶׁיֲהֹוָ֥ה (סגול באות שי\"ן וחטף פתח באות יו\"ד)", {"tmpl_name": "ש"}, "ק-מ=שֶֽׁיְהֹוָ֥ה (סגול באות שי\"ן ושווא געיה ימנית באות יו\"ד) וכן בסימנים", {"tmpl_name": "ש"}, "דפוסים=שֶׁיְהֹוָ֥ה (סגול באות שי\"ן ושווא באות יו\"ד)"]	
145.1	נוסח	{'tmpl_name': 'ר3'}	"פרשה פתוחה"	
145.1	נוסח	וַאֲבָרְﬞכָ֥ה	"א=וַאֲבָרֲכָ֥ה (חטף)"	
145.2	נוסח	אֲבָרְﬞכֶ֑ךָּ	"א=אֲבָרֲכֶ֑ךָּ (חטף)"	
145.2	נוסח	וַאֲהַלְﬞלָ֥ה	"א=וַאֲהַלֲלָ֥ה (חטף)"	
145.6	נוסח	{'tmpl_name': 'כו״ק', 'tmpl_params': {'1': 'וגדלותיך', '2': 'וּגְדֻלָּתְךָ֥'}}	"א-כתיב=וּגְדֻלָּותְיךָ֥"	
145.10	נוסח	יְבָרְﬞכֽוּכָה	"א=יְבָרֲכֽוּכָה (חטף)"	
146.1	נוסח	הַֽלְﬞלוּ־יָ֡הּ	"א=הַֽלֲלוּ־יָ֡הּ (חטף)"	
146.1	נוסח	{'tmpl_name': 'ר3'}	"פרשה פתוחה"	
146.1	נוסח	הַֽלְﬞלִ֥י	["א=הַֽלֲלִ֥י (חטף)", {"tmpl_name": "ש"}, "ראו את ההערה בתחילת מזמור קל\"ט."]	
146.2	נוסח	אֲהַלְﬞלָ֣ה	"א=אֲהַלֲלָ֣ה (חטף)"	
146.10	נוסח	הַֽלְﬞלוּ־יָֽהּ	"א=הַֽלֲלוּ־יָֽהּ (חטף)"	
147.1	נוסח	['הַ֥לְﬞלוּ', {'tmpl_name': 'מ:מקף אפור'}, 'יָ֨הּ', {'tmpl_name': 'מ:לגרמיה-2'}]	["א=<הַ֥לֲלוּ יָ֨הּ", {"tmpl_name": "מ:לגרמיה-2"}, "> (חטף)"]	
147.1	נוסח	{'tmpl_name': 'ר3'}	"פרשה פתוחה"	
147.8	נוסח	הַֽמְﬞכַסֶּ֬ה	"א=הַֽמֲכַסֶּ֬ה (חטף)"	
147.8	נוסח	{'tmpl_name': 'ר0'}	"לפי הטעם המפסיק יש לחלק כאן; אך המונח לקראת סוף הפסוק (\"הָרִ֣ים\") בא במקום רביע מוגרש ולכן ברויאר חילק שם. אמנם הקיצור בסוף הפסוק (תיבה קצרה אחת בלבד אחרי התיבה שראוי להיות בה רביע מוגרש) מכתיב את הטעמים הקיימים, וכך קוראים בפועל: טעם מפסיק מחלק כאן את השורה הראשונה, שהיא קצת יותר ארוכה ומורכבת מהשורה האחרונה, ובשורה האחרונה יש רק טעמים מחברים לפני סילוק. חילקנו לפני הקריאה בפועל."	
147.12	נוסח	הַֽלְﬞלִ֖י	"א=הַֽלֲלִ֖י (חטף)"	
147.20	נוסח	הַֽלְﬞלוּ־יָֽהּ	"א=הַֽלֲלוּ־יָֽהּ (חטף)"	
148.1	נוסח	['הַ֥לְﬞלוּ', {'tmpl_name': 'מ:מקף אפור'}, 'יָ֨הּ', {'tmpl_name': 'מ:לגרמיה-2'}]	["א=<הַ֥לֲלוּ יָ֨הּ", {"tmpl_name": "מ:לגרמיה-2"}, "> (חטף)"]	
148.1	נוסח	{'tmpl_name': 'ר3'}	"פרשה פתוחה"	
148.1	נוסח	הַֽלְﬞל֣וּ	"א=הַֽלֲל֣וּ (חטף)"	
148.1	נוסח	הַֽ֝לְﬞל֗וּהוּ	"א=הַֽ֝לֲל֗וּהוּ (חטף)"	
148.2	נוסח	הַֽלְﬞל֥וּהוּ	"א=הַֽלֲל֥וּהוּ (חטף)"	
148.3	נוסח	{'tmpl_name': 'מ:דחי', 'tmpl_params': {'1': 'הַֽ֭לְﬞלוּהוּ', '2': 'הַֽ֭לְﬞל֭וּהוּ'}}	"א=הַֽ֭לֲלוּהוּ (חטף)"	
148.3	נוסח	הַֽ֝לְﬞל֗וּהוּ	"א=הַֽ֝לֲל֗וּהוּ (חטף)"	
148.4	נוסח	{'tmpl_name': 'מ:דחי', 'tmpl_params': {'1': 'הַֽ֭לְﬞלוּהוּ', '2': 'הַֽ֭לְﬞל֭וּהוּ'}}	"א=הַֽ֭לֲלוּהוּ (חטף)"	
148.5	נוסח	{'tmpl_name': 'מ:דחי', 'tmpl_params': {'1': 'יְֽ֭הַלְﬞלוּ', '2': 'יְֽ֭הַלְﬞל֭וּ'}}	"א=יְֽ֭הַלֲלוּ (חטף)"	
148.7	נוסח	הַֽלְﬞל֣וּ	"א=הַֽלֲל֣וּ (חטף)"	
148.10	נוסח	רֶ֝֗מֶשׂ	"א=רֶ֝מֶשׂ (השמטת נקודת הרביע)"	
148.13	נוסח	['יְהַלְﬞל֤וּ', {'tmpl_name': 'מ:לגרמיה-2'}]	["א=<יְהַלֲל֤וּ", {"tmpl_name": "מ:לגרמיה-2"}, "> (חטף)"]	
148.14	נוסח	הַֽלְﬞלוּ־יָֽהּ	"א=הַֽלֲלוּ־יָֽהּ (חטף)"	
149.1	נוסח	['הַ֥לְﬞלוּ', {'tmpl_name': 'מ:מקף אפור'}, 'יָ֨הּ', {'tmpl_name': 'מ:לגרמיה-2'}]	["א=<הַ֥לֲלוּ יָ֨הּ", {"tmpl_name": "מ:לגרמיה-2"}, "> (חטף)"]	
149.1	נוסח	{'tmpl_name': 'ר3'}	"פרשה פתוחה"	
149.3	נוסח	יְהַלְﬞל֣וּ	"א=יְהַלֲל֣וּ (חטף)"	
149.6	נוסח	רוֹמְﬞמ֣וֹת	"א=רוֹמֲמ֣וֹת (חטף)"	
149.9	נוסח	הַֽלְﬞלוּ־יָֽהּ	"א=הַֽלֲלוּ־יָֽהּ (חטף)"	
150.1	נוסח	['הַ֥לְﬞלוּ', {'tmpl_name': 'מ:מקף אפור'}, 'יָ֨הּ', {'tmpl_name': 'מ:לגרמיה-2'}]	["א=<הַ֥לֲלוּ יָ֨הּ", {"tmpl_name": "מ:לגרמיה-2"}, "> (חטף)"]	
150.1	נוסח	{'tmpl_name': 'ר3'}	"פרשה פתוחה"	
150.1	נוסח	הַֽלְﬞלוּ־אֵ֥ל	"א=הַֽלֲלוּ־אֵ֥ל (חטף)"	
150.1	נוסח	הַֽ֝לְﬞל֗וּהוּ	"א=הַֽ֝לֲל֗וּהוּ (חטף)"	
150.2	נוסח	הַלְﬞל֥וּהוּ	"א=הַלֲל֥וּהוּ (חטף)"	
150.2	נוסח	הַ֝לְﬞל֗וּהוּ	"א=הַ֝לֲל֗וּהוּ (חטף)"	
150.3	נוסח	{'tmpl_name': 'מ:דחי', 'tmpl_params': {'1': 'הַ֭לְﬞלוּהוּ', '2': 'הַ֭לְﬞל֭וּהוּ'}}	"א=הַ֭לֲלוּהוּ (חטף)"	
150.3	נוסח	הַ֝לְﬞל֗וּהוּ	"א=הַ֝לֲל֗וּהוּ (חטף)"	
150.4	נוסח	{'tmpl_name': 'מ:דחי', 'tmpl_params': {'1': 'הַ֭לְﬞלוּהוּ', '2': 'הַ֭לְﬞל֭וּהוּ'}}	"א=הַ֭לֲלוּהוּ (חטף)"	
150.4	נוסח	הַֽ֝לְﬞל֗וּהוּ	"א=הַֽ֝לֲל֗וּהוּ (חטף)"	
150.5	נוסח	הַלְﬞל֥וּהוּ	"א=הַלֲל֥וּהוּ (חטף)"	
150.5	נוסח	הַֽ֝לְﬞל֗וּהוּ	"א=הַֽ֝לֲל֗וּהוּ (חטף)"	
150.6	נוסח	הַֽלְﬞלוּ־יָֽהּ	"א=הַֽלֲלוּ־יָֽהּ (חטף)"	
